frame_id,image_path,bbox,landmark,x_norm,y_norm,visibility,center_x,center_y,unit_length
00032,/Users/nikko/Downloads/moi-main/project_root/data/temp_frames/video12/frame_00032.png,"[0, 5, 1283, 711]",LEFT_SHOULDER,-0.01741287265705038,0.5481701471427161,0.9418116211891174,0.7692447602748871,0.3793554753065109,0.252661805385808
00032,/Users/nikko/Downloads/moi-main/project_root/data/temp_frames/video12/frame_00032.png,"[0, 5, 1283, 711]",RIGHT_SHOULDER,-0.004771569433332152,0.45154306472417116,0.9695934057235718,0.7692447602748871,0.3793554753065109,0.252661805385808
00032,/Users/nikko/Downloads/moi-main/project_root/data/temp_frames/video12/frame_00032.png,"[0, 5, 1283, 711]",LEFT_HIP,0.025154155180215264,-0.49114321035352626,0.9753011465072632,0.7692447602748871,0.3793554753065109,0.252661805385808
00032,/Users/nikko/Downloads/moi-main/project_root/data/temp_frames/video12/frame_00032.png,"[0, 5, 1283, 711]",RIGHT_HIP,-0.0029697130898327343,-0.508570001513361,0.9876582026481628,0.7692447602748871,0.3793554753065109,0.252661805385808
00032,/Users/nikko/Downloads/moi-main/project_root/data/temp_frames/video12/frame_00032.png,"[0, 5, 1283, 711]",LEFT_EYE,0.012694736120000319,0.8185115857903984,0.6269453763961792,0.7692447602748871,0.3793554753065109,0.252661805385808
00032,/Users/nikko/Downloads/moi-main/project_root/data/temp_frames/video12/frame_00032.png,"[0, 5, 1283, 711]",RIGHT_EYE,0.06016343600560727,0.7717140408271869,0.8262158036231995,0.7692447602748871,0.3793554753065109,0.252661805385808
00037,/Users/nikko/Downloads/moi-main/project_root/data/temp_frames/video12/frame_00037.png,"[0, 5, 1254, 640]",LEFT_SHOULDER,0.0526220386917836,0.5445225622766208,0.9994620680809021,0.7751744091510773,0.5189910382032394,0.2500891119784854
00037,/Users/nikko/Downloads/moi-main/project_root/data/temp_frames/video12/frame_00037.png,"[0, 5, 1254, 640]",RIGHT_SHOULDER,0.2651052842386306,0.38173259266364323,0.9998456239700317,0.7751744091510773,0.5189910382032394,0.2500891119784854
00037,/Users/nikko/Downloads/moi-main/project_root/data/temp_frames/video12/frame_00037.png,"[0, 5, 1254, 640]",LEFT_HIP,-0.2179519297525448,-0.4036607162185638,0.9995450377464294,0.7751744091510773,0.5189910382032394,0.2500891119784854
00037,/Users/nikko/Downloads/moi-main/project_root/data/temp_frames/video12/frame_00037.png,"[0, 5, 1254, 640]",RIGHT_HIP,-0.09977539317786943,-0.5225944387217002,0.9997197985649109,0.7751744091510773,0.5189910382032394,0.2500891119784854
00037,/Users/nikko/Downloads/moi-main/project_root/data/temp_frames/video12/frame_00037.png,"[0, 5, 1254, 640]",RIGHT_KNEE,-0.1684567090615305,-0.1320057856154268,0.6160474419593811,0.7751744091510773,0.5189910382032394,0.2500891119784854
00037,/Users/nikko/Downloads/moi-main/project_root/data/temp_frames/video12/frame_00037.png,"[0, 5, 1254, 640]",LEFT_EYE,0.24104955640817613,0.8157409848445119,0.9919554591178894,0.7751744091510773,0.5189910382032394,0.2500891119784854
00037,/Users/nikko/Downloads/moi-main/project_root/data/temp_frames/video12/frame_00037.png,"[0, 5, 1254, 640]",RIGHT_EYE,0.2715174121011785,0.7602035300778465,0.9955124258995056,0.7751744091510773,0.5189910382032394,0.2500891119784854
00038,/Users/nikko/Downloads/moi-main/project_root/data/temp_frames/video12/frame_00038.png,"[0, 5, 1254, 637]",LEFT_SHOULDER,0.38050049160975286,0.307548789738241,0.9997242093086243,0.8016529083251953,0.4354360103607178,0.13813738451125251
00038,/Users/nikko/Downloads/moi-main/project_root/data/temp_frames/video12/frame_00038.png,"[0, 5, 1254, 637]",RIGHT_SHOULDER,0.44563276518934103,0.2514469159493782,0.9998525381088257,0.8016529083251953,0.4354360103607178,0.13813738451125251
00038,/Users/nikko/Downloads/moi-main/project_root/data/temp_frames/video12/frame_00038.png,"[0, 5, 1254, 637]",LEFT_HIP,-0.45424483721662856,-0.2719070054004482,0.9997619986534119,0.8016529083251953,0.4354360103607178,0.13813738451125251
00038,/Users/nikko/Downloads/moi-main/project_root/data/temp_frames/video12/frame_00038.png,"[0, 5, 1254, 637]",RIGHT_HIP,-0.3718884195824653,-0.28708870028717093,0.9998440742492676,0.8016529083251953,0.4354360103607178,0.13813738451125251
00038,/Users/nikko/Downloads/moi-main/project_root/data/temp_frames/video12/frame_00038.png,"[0, 5, 1254, 637]",RIGHT_KNEE,-1.1042148576557516,0.3326909571274892,0.8476675748825073,0.8016529083251953,0.4354360103607178,0.13813738451125251
00038,/Users/nikko/Downloads/moi-main/project_root/data/temp_frames/video12/frame_00038.png,"[0, 5, 1254, 637]",RIGHT_ANKLE,-1.8005551838458884,0.43992396119329774,0.8328210115432739,0.8016529083251953,0.4354360103607178,0.13813738451125251
00038,/Users/nikko/Downloads/moi-main/project_root/data/temp_frames/video12/frame_00038.png,"[0, 5, 1254, 637]",LEFT_EYE,0.6443947620261473,0.20184756861230269,0.9847684502601624,0.8016529083251953,0.4354360103607178,0.13813738451125251
00038,/Users/nikko/Downloads/moi-main/project_root/data/temp_frames/video12/frame_00038.png,"[0, 5, 1254, 637]",RIGHT_EYE,0.6314022222789828,0.0640306843273378,0.989888608455658,0.8016529083251953,0.4354360103607178,0.13813738451125251
00039,/Users/nikko/Downloads/moi-main/project_root/data/temp_frames/video12/frame_00039.png,"[0, 5, 1254, 634]",LEFT_SHOULDER,0.35876461166994333,0.17873589892979053,0.9995532631874084,0.7856241017580032,0.47887398302555084,0.14851439584244552
00039,/Users/nikko/Downloads/moi-main/project_root/data/temp_frames/video12/frame_00039.png,"[0, 5, 1254, 634]",RIGHT_SHOULDER,0.3917406448025529,0.45981057788260526,0.999794065952301,0.7856241017580032,0.47887398302555084,0.14851439584244552
00039,/Users/nikko/Downloads/moi-main/project_root/data/temp_frames/video12/frame_00039.png,"[0, 5, 1254, 634]",LEFT_HIP,-0.3964638048575777,-0.4302565632068228,0.9995362758636475,0.7856241017580032,0.47887398302555084,0.14851439584244552
00039,/Users/nikko/Downloads/moi-main/project_root/data/temp_frames/video12/frame_00039.png,"[0, 5, 1254, 634]",RIGHT_HIP,-0.3540414516149185,-0.208289913605573,0.9997244477272034,0.7856241017580032,0.47887398302555084,0.14851439584244552
00039,/Users/nikko/Downloads/moi-main/project_root/data/temp_frames/video12/frame_00039.png,"[0, 5, 1254, 634]",RIGHT_KNEE,-0.9909920032066994,0.2445876304018111,0.7241358757019043,0.7856241017580032,0.47887398302555084,0.14851439584244552
00039,/Users/nikko/Downloads/moi-main/project_root/data/temp_frames/video12/frame_00039.png,"[0, 5, 1254, 634]",RIGHT_ANKLE,-1.6633494993007025,0.03966164140780326,0.7262186408042908,0.7856241017580032,0.47887398302555084,0.14851439584244552
00039,/Users/nikko/Downloads/moi-main/project_root/data/temp_frames/video12/frame_00039.png,"[0, 5, 1254, 634]",LEFT_EYE,0.5568206773736519,0.41149656558333186,0.9915241003036499,0.7856241017580032,0.47887398302555084,0.14851439584244552
00039,/Users/nikko/Downloads/moi-main/project_root/data/temp_frames/video12/frame_00039.png,"[0, 5, 1254, 634]",RIGHT_EYE,0.5617984871338144,0.3196220021473558,0.9948931932449341,0.7856241017580032,0.47887398302555084,0.14851439584244552
00040,/Users/nikko/Downloads/moi-main/project_root/data/temp_frames/video12/frame_00040.png,"[0, 5, 1253, 636]",LEFT_SHOULDER,0.2514010866227145,0.5398329454109085,0.9989321827888489,0.7819482833147049,0.4681330472230911,0.1499666177650284
00040,/Users/nikko/Downloads/moi-main/project_root/data/temp_frames/video12/frame_00040.png,"[0, 5, 1253, 636]",RIGHT_SHOULDER,0.4112299537044366,0.13735241720181865,0.99949049949646,0.7819482833147049,0.4681330472230911,0.1499666177650284
00040,/Users/nikko/Downloads/moi-main/project_root/data/temp_frames/video12/frame_00040.png,"[0, 5, 1253, 636]",LEFT_HIP,-0.37258224438506704,-0.21143721251870617,0.999249279499054,0.7819482833147049,0.4681330472230911,0.1499666177650284
00040,/Users/nikko/Downloads/moi-main/project_root/data/temp_frames/video12/frame_00040.png,"[0, 5, 1253, 636]",RIGHT_HIP,-0.29004879594208405,-0.46574815009402104,0.9993626475334167,0.7819482833147049,0.4681330472230911,0.1499666177650284
00040,/Users/nikko/Downloads/moi-main/project_root/data/temp_frames/video12/frame_00040.png,"[0, 5, 1253, 636]",LEFT_EYE,0.41332572205998547,0.6872914930733055,0.9316255450248718,0.7819482833147049,0.4681330472230911,0.1499666177650284
00040,/Users/nikko/Downloads/moi-main/project_root/data/temp_frames/video12/frame_00040.png,"[0, 5, 1253, 636]",RIGHT_EYE,0.4398382052621931,0.5609130444136773,0.9605821371078491,0.7819482833147049,0.4681330472230911,0.1499666177650284
00041,/Users/nikko/Downloads/moi-main/project_root/data/temp_frames/video12/frame_00041.png,"[0, 5, 1253, 628]",LEFT_SHOULDER,0.4156086756100542,0.45472666922882116,0.9997202754020691,0.785323441028595,0.46121422201395035,0.14630913853858307
00041,/Users/nikko/Downloads/moi-main/project_root/data/temp_frames/video12/frame_00041.png,"[0, 5, 1253, 628]",RIGHT_SHOULDER,0.4262447717646736,-0.10198240202582348,0.9997257590293884,0.785323441028595,0.46121422201395035,0.14630913853858307
00041,/Users/nikko/Downloads/moi-main/project_root/data/temp_frames/video12/frame_00041.png,"[0, 5, 1253, 628]",LEFT_HIP,-0.4329687171849277,-0.024150849615066868,0.9997503161430359,0.785323441028595,0.46121422201395035,0.14630913853858307
00041,/Users/nikko/Downloads/moi-main/project_root/data/temp_frames/video12/frame_00041.png,"[0, 5, 1253, 628]",RIGHT_HIP,-0.4088847301898002,-0.32859341758793076,0.999777615070343,0.785323441028595,0.46121422201395035,0.14630913853858307
00041,/Users/nikko/Downloads/moi-main/project_root/data/temp_frames/video12/frame_00041.png,"[0, 5, 1253, 628]",RIGHT_ANKLE,-1.661938910766394,0.17190644388865606,0.5189930200576782,0.785323441028595,0.46121422201395035,0.14630913853858307
00041,/Users/nikko/Downloads/moi-main/project_root/data/temp_frames/video12/frame_00041.png,"[0, 5, 1253, 628]",LEFT_EYE,0.6855234477544896,0.2140829567885944,0.9962472319602966,0.785323441028595,0.46121422201395035,0.14630913853858307
00041,/Users/nikko/Downloads/moi-main/project_root/data/temp_frames/video12/frame_00041.png,"[0, 5, 1253, 628]",RIGHT_EYE,0.6600237860949948,-0.028802817670436822,0.9975050091743469,0.785323441028595,0.46121422201395035,0.14630913853858307
00042,/Users/nikko/Downloads/moi-main/project_root/data/temp_frames/video12/frame_00042.png,"[0, 5, 1252, 628]",LEFT_SHOULDER,0.4069091513055271,0.47259859633151785,0.999144434928894,0.7957482635974884,0.46504973620176315,0.15394680973151942
00042,/Users/nikko/Downloads/moi-main/project_root/data/temp_frames/video12/frame_00042.png,"[0, 5, 1252, 628]",RIGHT_SHOULDER,0.41668304434906633,-0.07748236868071673,0.9995614886283875,0.7957482635974884,0.46504973620176315,0.15394680973151942
00042,/Users/nikko/Downloads/moi-main/project_root/data/temp_frames/video12/frame_00042.png,"[0, 5, 1252, 628]",LEFT_HIP,-0.43323834036588993,-0.03997654475710522,0.9991210103034973,0.7957482635974884,0.46504973620176315,0.15394680973151942
00042,/Users/nikko/Downloads/moi-main/project_root/data/temp_frames/video12/frame_00042.png,"[0, 5, 1252, 628]",RIGHT_HIP,-0.3903538552887034,-0.3551396828936959,0.9994038343429565,0.7957482635974884,0.46504973620176315,0.15394680973151942
00042,/Users/nikko/Downloads/moi-main/project_root/data/temp_frames/video12/frame_00042.png,"[0, 5, 1252, 628]",LEFT_EYE,0.6793349315775974,0.13093668566312275,0.9473045468330383,0.7957482635974884,0.46504973620176315,0.15394680973151942
00042,/Users/nikko/Downloads/moi-main/project_root/data/temp_frames/video12/frame_00042.png,"[0, 5, 1252, 628]",RIGHT_EYE,0.6510942502832006,-0.06936249524904563,0.9725951552391052,0.7957482635974884,0.46504973620176315,0.15394680973151942
00046,/Users/nikko/Downloads/moi-main/project_root/data/temp_frames/video12/frame_00046.png,"[0, 5, 1251, 627]",LEFT_SHOULDER,0.3935409432107718,0.44979387965668777,0.999704897403717,0.7957695424556732,0.46217193454504013,0.14287110053156055
00046,/Users/nikko/Downloads/moi-main/project_root/data/temp_frames/video12/frame_00046.png,"[0, 5, 1251, 627]",RIGHT_SHOULDER,0.4221169094722852,-0.15012410534039006,0.999567449092865,0.7957695424556732,0.46217193454504013,0.14287110053156055
00046,/Users/nikko/Downloads/moi-main/project_root/data/temp_frames/video12/frame_00046.png,"[0, 5, 1251, 627]",LEFT_HIP,-0.42872689559479477,0.05911674922917567,0.9998331069946289,0.7957695424556732,0.46217193454504013,0.14287110053156055
00046,/Users/nikko/Downloads/moi-main/project_root/data/temp_frames/video12/frame_00046.png,"[0, 5, 1251, 627]",RIGHT_HIP,-0.38693095708826225,-0.35878652354547336,0.999835729598999,0.7957695424556732,0.46217193454504013,0.14287110053156055
00046,/Users/nikko/Downloads/moi-main/project_root/data/temp_frames/video12/frame_00046.png,"[0, 5, 1251, 627]",RIGHT_KNEE,-0.8284091099944332,-0.2509724933972841,0.5361743569374084,0.7957695424556732,0.46217193454504013,0.14287110053156055
00046,/Users/nikko/Downloads/moi-main/project_root/data/temp_frames/video12/frame_00046.png,"[0, 5, 1251, 627]",LEFT_EYE,0.6830248765981626,0.09325555031507321,0.9811387658119202,0.7957695424556732,0.46217193454504013,0.14287110053156055
00046,/Users/nikko/Downloads/moi-main/project_root/data/temp_frames/video12/frame_00046.png,"[0, 5, 1251, 627]",RIGHT_EYE,0.6638398966795986,-0.10122464286844658,0.9852827787399292,0.7957695424556732,0.46217193454504013,0.14287110053156055
00048,/Users/nikko/Downloads/moi-main/project_root/data/temp_frames/video12/frame_00048.png,"[0, 5, 1252, 628]",LEFT_SHOULDER,0.4209359414210433,0.4313145673671549,0.9996064305305481,0.7920171469449997,0.4581924304366112,0.14659271058936707
00048,/Users/nikko/Downloads/moi-main/project_root/data/temp_frames/video12/frame_00048.png,"[0, 5, 1252, 628]",RIGHT_SHOULDER,0.4272626425849438,-0.029136115756114182,0.9997695088386536,0.7920171469449997,0.4581924304366112,0.14659271058936707
00048,/Users/nikko/Downloads/moi-main/project_root/data/temp_frames/video12/frame_00048.png,"[0, 5, 1252, 628]",LEFT_HIP,-0.44636696247803165,-0.06532883109687738,0.9997076392173767,0.7920171469449997,0.4581924304366112,0.14659271058936707
00048,/Users/nikko/Downloads/moi-main/project_root/data/temp_frames/video12/frame_00048.png,"[0, 5, 1252, 628]",RIGHT_HIP,-0.40183162152795543,-0.33684962051416334,0.9997825026512146,0.7920171469449997,0.4581924304366112,0.14659271058936707
00048,/Users/nikko/Downloads/moi-main/project_root/data/temp_frames/video12/frame_00048.png,"[0, 5, 1252, 628]",LEFT_EYE,0.6910397286817616,0.11518768854204732,0.9842645525932312,0.7920171469449997,0.4581924304366112,0.14659271058936707
00048,/Users/nikko/Downloads/moi-main/project_root/data/temp_frames/video12/frame_00048.png,"[0, 5, 1252, 628]",RIGHT_EYE,0.6640276422342958,-0.09425803810911111,0.990471363067627,0.7920171469449997,0.4581924304366112,0.14659271058936707
00050,/Users/nikko/Downloads/moi-main/project_root/data/temp_frames/video12/frame_00050.png,"[0, 5, 1251, 627]",LEFT_SHOULDER,0.3645656542219401,0.49225465054660533,0.9997859597206116,0.7963494062423706,0.46018101274967194,0.14112475670205774
00050,/Users/nikko/Downloads/moi-main/project_root/data/temp_frames/video12/frame_00050.png,"[0, 5, 1251, 627]",RIGHT_SHOULDER,0.41272291139463374,-0.21491719190259087,0.9996633529663086,0.7963494062423706,0.46018101274967194,0.14112475670205774
00050,/Users/nikko/Downloads/moi-main/project_root/data/temp_frames/video12/frame_00050.png,"[0, 5, 1251, 627]",LEFT_HIP,-0.41446174395863494,0.08307465801598035,0.9998811483383179,0.7963494062423706,0.46018101274967194,0.14112475670205774
00050,/Users/nikko/Downloads/moi-main/project_root/data/temp_frames/video12/frame_00050.png,"[0, 5, 1251, 627]",RIGHT_HIP,-0.3628268216579389,-0.36041211665999484,0.999874472618103,0.7963494062423706,0.46018101274967194,0.14112475670205774
00050,/Users/nikko/Downloads/moi-main/project_root/data/temp_frames/video12/frame_00050.png,"[0, 5, 1251, 627]",RIGHT_KNEE,-0.7519971467199211,-0.030676752711430035,0.519511342048645,0.7963494062423706,0.46018101274967194,0.14112475670205774
00050,/Users/nikko/Downloads/moi-main/project_root/data/temp_frames/video12/frame_00050.png,"[0, 5, 1251, 627]",RIGHT_ANKLE,-1.173858959989672,0.41005099264116945,0.5346998572349548,0.7963494062423706,0.46018101274967194,0.14112475670205774
00050,/Users/nikko/Downloads/moi-main/project_root/data/temp_frames/video12/frame_00050.png,"[0, 5, 1251, 627]",LEFT_EYE,0.6464672843750338,0.09640711552091734,0.9905717372894287,0.7963494062423706,0.46018101274967194,0.14112475670205774
00050,/Users/nikko/Downloads/moi-main/project_root/data/temp_frames/video12/frame_00050.png,"[0, 5, 1251, 627]",RIGHT_EYE,0.6319019747315688,-0.13147033417880727,0.9922813773155212,0.7963494062423706,0.46018101274967194,0.14112475670205774
00054,/Users/nikko/Downloads/moi-main/project_root/data/temp_frames/video12/frame_00054.png,"[0, 5, 1251, 627]",LEFT_SHOULDER,0.3521404752720749,0.527002031048687,0.9997664093971252,0.7956057041883469,0.46949176490306854,0.15221307844174822
00054,/Users/nikko/Downloads/moi-main/project_root/data/temp_frames/video12/frame_00054.png,"[0, 5, 1251, 627]",RIGHT_SHOULDER,0.38287926232951697,-0.24365779081797603,0.9995865225791931,0.7956057041883469,0.46949176490306854,0.15221307844174822
00054,/Users/nikko/Downloads/moi-main/project_root/data/temp_frames/video12/frame_00054.png,"[0, 5, 1251, 627]",LEFT_HIP,-0.39369234669358577,0.10531425709571364,0.9998601675033569,0.7956057041883469,0.46949176490306854,0.15221307844174822
00054,/Users/nikko/Downloads/moi-main/project_root/data/temp_frames/video12/frame_00054.png,"[0, 5, 1251, 627]",RIGHT_HIP,-0.3413273909080061,-0.3886584973264246,0.9998493194580078,0.7956057041883469,0.46949176490306854,0.15221307844174822
00054,/Users/nikko/Downloads/moi-main/project_root/data/temp_frames/video12/frame_00054.png,"[0, 5, 1251, 627]",LEFT_EYE,0.6359199643220469,0.102039024415283,0.9831762313842773,0.7956057041883469,0.46949176490306854,0.15221307844174822
00054,/Users/nikko/Downloads/moi-main/project_root/data/temp_frames/video12/frame_00054.png,"[0, 5, 1251, 627]",RIGHT_EYE,0.6154384040497795,-0.10202884315635291,0.9872740507125854,0.7956057041883469,0.46949176490306854,0.15221307844174822
00056,/Users/nikko/Downloads/moi-main/project_root/data/temp_frames/video12/frame_00056.png,"[0, 5, 1252, 628]",LEFT_SHOULDER,0.4582804091314832,0.3376722199518805,0.9997904896736145,0.7891300767660141,0.4667188376188278,0.1384834218856701
00056,/Users/nikko/Downloads/moi-main/project_root/data/temp_frames/video12/frame_00056.png,"[0, 5, 1252, 628]",RIGHT_SHOULDER,0.44240430716022944,0.05321362842787157,0.9997909665107727,0.7891300767660141,0.4667188376188278,0.1384834218856701
00056,/Users/nikko/Downloads/moi-main/project_root/data/temp_frames/video12/frame_00056.png,"[0, 5, 1252, 628]",LEFT_HIP,-0.4625068197834034,-0.1333643569166179,0.9998412132263184,0.7891300767660141,0.4667188376188278,0.1384834218856701
00056,/Users/nikko/Downloads/moi-main/project_root/data/temp_frames/video12/frame_00056.png,"[0, 5, 1252, 628]",RIGHT_HIP,-0.4381778965083093,-0.2575214914631342,0.9998672008514404,0.7891300767660141,0.4667188376188278,0.1384834218856701
00056,/Users/nikko/Downloads/moi-main/project_root/data/temp_frames/video12/frame_00056.png,"[0, 5, 1252, 628]",RIGHT_ANKLE,-1.7984524366477133,0.20118642236614626,0.5621539950370789,0.7891300767660141,0.4667188376188278,0.1384834218856701
00056,/Users/nikko/Downloads/moi-main/project_root/data/temp_frames/video12/frame_00056.png,"[0, 5, 1252, 628]",LEFT_EYE,0.7112052297702532,0.24171188783148237,0.9971140623092651,0.7891300767660141,0.4667188376188278,0.1384834218856701
00056,/Users/nikko/Downloads/moi-main/project_root/data/temp_frames/video12/frame_00056.png,"[0, 5, 1252, 628]",RIGHT_EYE,0.6829225605561053,0.022656672958339404,0.9980244636535645,0.7891300767660141,0.4667188376188278,0.1384834218856701
00059,/Users/nikko/Downloads/moi-main/project_root/data/temp_frames/video12/frame_00059.png,"[0, 2, 1234, 624]",LEFT_SHOULDER,0.29615041197781233,0.6256999287274153,0.9995627999305725,0.613350436091423,0.49325308203697205,0.3019430948147907
00059,/Users/nikko/Downloads/moi-main/project_root/data/temp_frames/video12/frame_00059.png,"[0, 2, 1234, 624]",RIGHT_SHOULDER,0.3095329921813326,-0.36774301137061016,0.9870789051055908,0.613350436091423,0.49325308203697205,0.3019430948147907
00059,/Users/nikko/Downloads/moi-main/project_root/data/temp_frames/video12/frame_00059.png,"[0, 2, 1234, 624]",LEFT_HIP,-0.3271055618544119,0.14781865537458022,0.9941543936729431,0.613350436091423,0.49325308203697205,0.3019430948147907
00059,/Users/nikko/Downloads/moi-main/project_root/data/temp_frames/video12/frame_00059.png,"[0, 2, 1234, 624]",RIGHT_HIP,-0.278577842304733,-0.40577557273138526,0.990467369556427,0.613350436091423,0.49325308203697205,0.3019430948147907
00059,/Users/nikko/Downloads/moi-main/project_root/data/temp_frames/video12/frame_00059.png,"[0, 2, 1234, 624]",LEFT_EYE,0.4365057318893714,0.08830542716875829,0.9964942336082458,0.613350436091423,0.49325308203697205,0.3019430948147907
00059,/Users/nikko/Downloads/moi-main/project_root/data/temp_frames/video12/frame_00059.png,"[0, 2, 1234, 624]",RIGHT_EYE,0.4055609457001833,-0.16093395114466977,0.9944759011268616,0.613350436091423,0.49325308203697205,0.3019430948147907
00060,/Users/nikko/Downloads/moi-main/project_root/data/temp_frames/video12/frame_00060.png,"[0, 2, 1234, 625]",LEFT_SHOULDER,0.3189860237305569,0.6019786773114776,0.9996933937072754,0.5952295139431953,0.4919544607400894,0.33746748608703236
00060,/Users/nikko/Downloads/moi-main/project_root/data/temp_frames/video12/frame_00060.png,"[0, 2, 1234, 625]",RIGHT_SHOULDER,0.3441592695893347,-0.34207023459862834,0.9833810329437256,0.5952295139431953,0.4919544607400894,0.33746748608703236
00060,/Users/nikko/Downloads/moi-main/project_root/data/temp_frames/video12/frame_00060.png,"[0, 2, 1234, 625]",LEFT_HIP,-0.37040369203342755,0.11438284009153328,0.99849534034729,0.5952295139431953,0.4919544607400894,0.33746748608703236
00060,/Users/nikko/Downloads/moi-main/project_root/data/temp_frames/video12/frame_00060.png,"[0, 2, 1234, 625]",RIGHT_HIP,-0.29274160128646404,-0.37429128280438256,0.9960187077522278,0.5952295139431953,0.4919544607400894,0.33746748608703236
00060,/Users/nikko/Downloads/moi-main/project_root/data/temp_frames/video12/frame_00060.png,"[0, 2, 1234, 625]",LEFT_ELBOW,0.0664501054310679,0.9914865491855659,0.6385301351547241,0.5952295139431953,0.4919544607400894,0.33746748608703236
00060,/Users/nikko/Downloads/moi-main/project_root/data/temp_frames/video12/frame_00060.png,"[0, 2, 1234, 625]",LEFT_EYE,0.540115304184964,0.07907335563188263,0.9865263104438782,0.5952295139431953,0.4919544607400894,0.33746748608703236
00060,/Users/nikko/Downloads/moi-main/project_root/data/temp_frames/video12/frame_00060.png,"[0, 2, 1234, 625]",RIGHT_EYE,0.5285597201799787,-0.15997365925079723,0.9806243777275085,0.5952295139431953,0.4919544607400894,0.33746748608703236
00061,/Users/nikko/Downloads/moi-main/project_root/data/temp_frames/video12/frame_00061.png,"[0, 2, 1234, 625]",LEFT_SHOULDER,0.28604203618883906,0.5910598345081998,0.9995759129524231,0.5886717736721039,0.4749414771795273,0.3547496130327608
00061,/Users/nikko/Downloads/moi-main/project_root/data/temp_frames/video12/frame_00061.png,"[0, 2, 1234, 625]",RIGHT_SHOULDER,0.348287667274588,-0.26645544129594056,0.9627227783203125,0.5886717736721039,0.4749414771795273,0.3547496130327608
00061,/Users/nikko/Downloads/moi-main/project_root/data/temp_frames/video12/frame_00061.png,"[0, 2, 1234, 625]",LEFT_HIP,-0.3323292308090243,0.13917632529147933,0.9965686798095703,0.5886717736721039,0.4749414771795273,0.3547496130327608
00061,/Users/nikko/Downloads/moi-main/project_root/data/temp_frames/video12/frame_00061.png,"[0, 2, 1234, 625]",RIGHT_HIP,-0.3020004726544027,-0.46378071850373853,0.9912328124046326,0.5886717736721039,0.4749414771795273,0.3547496130327608
00061,/Users/nikko/Downloads/moi-main/project_root/data/temp_frames/video12/frame_00061.png,"[0, 2, 1234, 625]",LEFT_ELBOW,0.023610269844132465,1.0132028197887228,0.7481944561004639,0.5886717736721039,0.4749414771795273,0.3547496130327608
00061,/Users/nikko/Downloads/moi-main/project_root/data/temp_frames/video12/frame_00061.png,"[0, 2, 1234, 625]",LEFT_WRIST,0.02340276648516246,0.5909134900339789,0.6531272530555725,0.5886717736721039,0.4749414771795273,0.3547496130327608
00061,/Users/nikko/Downloads/moi-main/project_root/data/temp_frames/video12/frame_00061.png,"[0, 2, 1234, 625]",LEFT_EYE,0.5120244513744225,0.13887456332167356,0.9857332706451416,0.5886717736721039,0.4749414771795273,0.3547496130327608
00061,/Users/nikko/Downloads/moi-main/project_root/data/temp_frames/video12/frame_00061.png,"[0, 2, 1234, 625]",RIGHT_EYE,0.4991303438650492,-0.08309135972125568,0.9721438884735107,0.5886717736721039,0.4749414771795273,0.3547496130327608
00062,/Users/nikko/Downloads/moi-main/project_root/data/temp_frames/video12/frame_00062.png,"[0, 2, 1236, 626]",LEFT_SHOULDER,0.21486047217693469,0.6251539805309186,0.9988334774971008,0.6268005669116974,0.4957994297146797,0.28846756535488327
00062,/Users/nikko/Downloads/moi-main/project_root/data/temp_frames/video12/frame_00062.png,"[0, 2, 1236, 626]",RIGHT_SHOULDER,0.36411943227822136,-0.38852674025076483,0.9885815978050232,0.6268005669116974,0.4957994297146797,0.28846756535488327
00062,/Users/nikko/Downloads/moi-main/project_root/data/temp_frames/video12/frame_00062.png,"[0, 2, 1236, 626]",LEFT_HIP,-0.332573148988997,0.15490331262579202,0.988733172416687,0.6268005669116974,0.4957994297146797,0.28846756535488327
00062,/Users/nikko/Downloads/moi-main/project_root/data/temp_frames/video12/frame_00062.png,"[0, 2, 1236, 626]",RIGHT_HIP,-0.24640675546615903,-0.3915305529059458,0.988750159740448,0.6268005669116974,0.4957994297146797,0.28846756535488327
00062,/Users/nikko/Downloads/moi-main/project_root/data/temp_frames/video12/frame_00062.png,"[0, 2, 1236, 626]",LEFT_EYE,0.3187991053625362,0.057496512675312125,0.9801782965660095,0.6268005669116974,0.4957994297146797,0.28846756535488327
00062,/Users/nikko/Downloads/moi-main/project_root/data/temp_frames/video12/frame_00062.png,"[0, 2, 1236, 626]",RIGHT_EYE,0.3083436677587658,-0.18748928185329372,0.9819262623786926,0.6268005669116974,0.4957994297146797,0.28846756535488327
00065,/Users/nikko/Downloads/moi-main/project_root/data/temp_frames/video12/frame_00065.png,"[2, 7, 1240, 623]",LEFT_SHOULDER,0.3359108470102891,0.47935223478402256,0.9967970252037048,0.6291735023260117,0.5017456337809563,0.2636706602858342
00065,/Users/nikko/Downloads/moi-main/project_root/data/temp_frames/video12/frame_00065.png,"[2, 7, 1240, 623]",RIGHT_SHOULDER,0.3409110056792804,-0.4565300109554429,0.9885856509208679,0.6291735023260117,0.5017456337809563,0.2636706602858342
00065,/Users/nikko/Downloads/moi-main/project_root/data/temp_frames/video12/frame_00065.png,"[2, 7, 1240, 623]",LEFT_HIP,-0.34043323383846874,0.2565550296289186,0.9945323467254639,0.6291735023260117,0.5017456337809563,0.2636706602858342
00065,/Users/nikko/Downloads/moi-main/project_root/data/temp_frames/video12/frame_00065.png,"[2, 7, 1240, 623]",RIGHT_HIP,-0.3363886188511008,-0.27937725345749825,0.9933359622955322,0.6291735023260117,0.5017456337809563,0.2636706602858342
00065,/Users/nikko/Downloads/moi-main/project_root/data/temp_frames/video12/frame_00065.png,"[2, 7, 1240, 623]",LEFT_EYE,0.40135530359999244,0.00284021061246168,0.9886570572853088,0.6291735023260117,0.5017456337809563,0.2636706602858342
00065,/Users/nikko/Downloads/moi-main/project_root/data/temp_frames/video12/frame_00065.png,"[2, 7, 1240, 623]",RIGHT_EYE,0.3739467752768081,-0.22506916454218578,0.9892715215682983,0.6291735023260117,0.5017456337809563,0.2636706602858342
00067,/Users/nikko/Downloads/moi-main/project_root/data/temp_frames/video12/frame_00067.png,"[2, 7, 1240, 624]",LEFT_SHOULDER,0.364596504600978,0.4752940025094734,0.9949702620506287,0.6201834976673126,0.4876219630241394,0.25840651344053195
00067,/Users/nikko/Downloads/moi-main/project_root/data/temp_frames/video12/frame_00067.png,"[2, 7, 1240, 624]",RIGHT_SHOULDER,0.34604756382375224,-0.4270002334768461,0.9745609164237976,0.6201834976673126,0.4876219630241394,0.25840651344053195
00067,/Users/nikko/Downloads/moi-main/project_root/data/temp_frames/video12/frame_00067.png,"[2, 7, 1240, 624]",LEFT_HIP,-0.35964187806030434,0.2275799751494686,0.9921042919158936,0.6201834976673126,0.4876219630241394,0.25840651344053195
00067,/Users/nikko/Downloads/moi-main/project_root/data/temp_frames/video12/frame_00067.png,"[2, 7, 1240, 624]",RIGHT_HIP,-0.3510021903644258,-0.2758737441820958,0.9887470602989197,0.6201834976673126,0.4876219630241394,0.25840651344053195
00067,/Users/nikko/Downloads/moi-main/project_root/data/temp_frames/video12/frame_00067.png,"[2, 7, 1240, 624]",LEFT_EYE,0.3707780239987206,0.11754805335284997,0.968656599521637,0.6201834976673126,0.4876219630241394,0.25840651344053195
00067,/Users/nikko/Downloads/moi-main/project_root/data/temp_frames/video12/frame_00067.png,"[2, 7, 1240, 624]",RIGHT_EYE,0.3451904226587083,-0.10267644654325407,0.9707894325256348,0.6201834976673126,0.4876219630241394,0.25840651344053195
00068,/Users/nikko/Downloads/moi-main/project_root/data/temp_frames/video12/frame_00068.png,"[2, 7, 1240, 624]",LEFT_SHOULDER,0.35064240364271343,0.5135286660957081,0.9923110008239746,0.6096385568380356,0.4848114252090454,0.2677926079964128
00068,/Users/nikko/Downloads/moi-main/project_root/data/temp_frames/video12/frame_00068.png,"[2, 7, 1240, 624]",RIGHT_SHOULDER,0.32601864012348364,-0.46204957571056327,0.9731072783470154,0.6096385568380356,0.4848114252090454,0.2677926079964128
00068,/Users/nikko/Downloads/moi-main/project_root/data/temp_frames/video12/frame_00068.png,"[2, 7, 1240, 624]",LEFT_HIP,-0.3379945409463519,0.22232211370071123,0.989894688129425,0.6096385568380356,0.4848114252090454,0.2677926079964128
00068,/Users/nikko/Downloads/moi-main/project_root/data/temp_frames/video12/frame_00068.png,"[2, 7, 1240, 624]",RIGHT_HIP,-0.3386665028198451,-0.27380120408585606,0.9868741631507874,0.6096385568380356,0.4848114252090454,0.2677926079964128
00068,/Users/nikko/Downloads/moi-main/project_root/data/temp_frames/video12/frame_00068.png,"[2, 7, 1240, 624]",LEFT_EYE,0.41245555094220626,0.18465774925200346,0.9911118149757385,0.6096385568380356,0.4848114252090454,0.2677926079964128
00068,/Users/nikko/Downloads/moi-main/project_root/data/temp_frames/video12/frame_00068.png,"[2, 7, 1240, 624]",RIGHT_EYE,0.3855065188928726,-0.08895392997950366,0.992626965045929,0.6096385568380356,0.4848114252090454,0.2677926079964128
00069,/Users/nikko/Downloads/moi-main/project_root/data/temp_frames/video12/frame_00069.png,"[2, 8, 1240, 624]",LEFT_SHOULDER,0.3321657672026987,0.4883528731924704,0.9986591339111328,0.6178586930036545,0.47905291616916656,0.26401141405187784
00069,/Users/nikko/Downloads/moi-main/project_root/data/temp_frames/video12/frame_00069.png,"[2, 8, 1240, 624]",RIGHT_SHOULDER,0.3285625512810253,-0.47820754014233263,0.9835941195487976,0.6178586930036545,0.47905291616916656,0.26401141405187784
00069,/Users/nikko/Downloads/moi-main/project_root/data/temp_frames/video12/frame_00069.png,"[2, 8, 1240, 624]",LEFT_HIP,-0.3366870581585503,0.262204340667879,0.9915709495544434,0.6178586930036545,0.47905291616916656,0.26401141405187784
00069,/Users/nikko/Downloads/moi-main/project_root/data/temp_frames/video12/frame_00069.png,"[2, 8, 1240, 624]",RIGHT_HIP,-0.3240412603251736,-0.2723496737180167,0.9875543713569641,0.6178586930036545,0.47905291616916656,0.26401141405187784
00069,/Users/nikko/Downloads/moi-main/project_root/data/temp_frames/video12/frame_00069.png,"[2, 8, 1240, 624]",LEFT_EYE,0.43560425294212585,0.009073681096741552,0.9996825456619263,0.6178586930036545,0.47905291616916656,0.26401141405187784
00069,/Users/nikko/Downloads/moi-main/project_root/data/temp_frames/video12/frame_00069.png,"[2, 8, 1240, 624]",RIGHT_EYE,0.3861264090492527,-0.27258040596563266,0.9995338916778564,0.6178586930036545,0.47905291616916656,0.26401141405187784
00070,/Users/nikko/Downloads/moi-main/project_root/data/temp_frames/video12/frame_00070.png,"[2, 8, 1240, 624]",LEFT_SHOULDER,0.3494551736633132,0.4772314933104217,0.9987806677818298,0.6214468330144882,0.4935891702771187,0.2625929500841071
00070,/Users/nikko/Downloads/moi-main/project_root/data/temp_frames/video12/frame_00070.png,"[2, 8, 1240, 624]",RIGHT_SHOULDER,0.3260062675476148,-0.4681598699817334,0.995769739151001,0.6214468330144882,0.4935891702771187,0.2625929500841071
00070,/Users/nikko/Downloads/moi-main/project_root/data/temp_frames/video12/frame_00070.png,"[2, 8, 1240, 624]",LEFT_HIP,-0.34073452579666386,0.26016375321209806,0.9979217648506165,0.6214468330144882,0.4935891702771187,0.2625929500841071
00070,/Users/nikko/Downloads/moi-main/project_root/data/temp_frames/video12/frame_00070.png,"[2, 8, 1240, 624]",RIGHT_HIP,-0.33472691541426414,-0.2692353765407864,0.9975939393043518,0.6214468330144882,0.4935891702771187,0.2625929500841071
00070,/Users/nikko/Downloads/moi-main/project_root/data/temp_frames/video12/frame_00070.png,"[2, 8, 1240, 624]",LEFT_EYE,0.4108609552603904,-0.015902706696921304,0.9990830421447754,0.6214468330144882,0.4935891702771187,0.2625929500841071
00070,/Users/nikko/Downloads/moi-main/project_root/data/temp_frames/video12/frame_00070.png,"[2, 8, 1240, 624]",RIGHT_EYE,0.3733308114644656,-0.2774177296244281,0.9992266893386841,0.6214468330144882,0.4935891702771187,0.2625929500841071
00072,/Users/nikko/Downloads/moi-main/project_root/data/temp_frames/video12/frame_00072.png,"[2, 8, 1241, 624]",LEFT_SHOULDER,0.30353964768918823,0.560891884907618,0.9975312352180481,0.631376639008522,0.48569659888744354,0.2529309856266997
00072,/Users/nikko/Downloads/moi-main/project_root/data/temp_frames/video12/frame_00072.png,"[2, 8, 1241, 624]",RIGHT_SHOULDER,0.348525154847221,-0.4557092909951721,0.9803346395492554,0.631376639008522,0.48569659888744354,0.2529309856266997
00072,/Users/nikko/Downloads/moi-main/project_root/data/temp_frames/video12/frame_00072.png,"[2, 8, 1241, 624]",LEFT_HIP,-0.3664926107811671,0.18824753930896668,0.9677230715751648,0.631376639008522,0.48569659888744354,0.2529309856266997
00072,/Users/nikko/Downloads/moi-main/project_root/data/temp_frames/video12/frame_00072.png,"[2, 8, 1241, 624]",RIGHT_HIP,-0.2855721917552422,-0.2934301332214126,0.9626927375793457,0.631376639008522,0.48569659888744354,0.2529309856266997
00072,/Users/nikko/Downloads/moi-main/project_root/data/temp_frames/video12/frame_00072.png,"[2, 8, 1241, 624]",LEFT_EYE,0.48714965829525686,0.07248400157192779,0.9941672086715698,0.631376639008522,0.48569659888744354,0.2529309856266997
00072,/Users/nikko/Downloads/moi-main/project_root/data/temp_frames/video12/frame_00072.png,"[2, 8, 1241, 624]",RIGHT_EYE,0.46988834485953784,-0.19161517801109018,0.9947251677513123,0.631376639008522,0.48569659888744354,0.2529309856266997
00079,/Users/nikko/Downloads/moi-main/project_root/data/temp_frames/video12/frame_00079.png,"[0, 6, 1246, 700]",LEFT_SHOULDER,-0.11813544671750036,0.5646368450871687,0.9602281451225281,0.7678954303264618,0.37056395038962364,0.2832916544193017
00079,/Users/nikko/Downloads/moi-main/project_root/data/temp_frames/video12/frame_00079.png,"[0, 6, 1246, 700]",RIGHT_SHOULDER,0.19303184650320102,0.40678119100124877,0.9781473278999329,0.7678954303264618,0.37056395038962364,0.2832916544193017
00079,/Users/nikko/Downloads/moi-main/project_root/data/temp_frames/video12/frame_00079.png,"[0, 6, 1246, 700]",LEFT_HIP,-0.09896503516691244,-0.46122776140444016,0.9309955835342407,0.7678954303264618,0.37056395038962364,0.2832916544193017
00079,/Users/nikko/Downloads/moi-main/project_root/data/temp_frames/video12/frame_00079.png,"[0, 6, 1246, 700]",RIGHT_HIP,0.024068635381211772,-0.5101902746839774,0.9606996178627014,0.7678954303264618,0.37056395038962364,0.2832916544193017
00079,/Users/nikko/Downloads/moi-main/project_root/data/temp_frames/video12/frame_00079.png,"[0, 6, 1246, 700]",RIGHT_EYE,0.1566229188171919,0.6272721682753047,0.6930669546127319,0.7678954303264618,0.37056395038962364,0.2832916544193017
00080,/Users/nikko/Downloads/moi-main/project_root/data/temp_frames/video12/frame_00080.png,"[0, 7, 1223, 699]",LEFT_SHOULDER,-0.3598091994621707,0.3669955493580682,0.9982707500457764,0.7569106966257095,0.2862299117259681,0.6232528795694527
00080,/Users/nikko/Downloads/moi-main/project_root/data/temp_frames/video12/frame_00080.png,"[0, 7, 1223, 699]",RIGHT_SHOULDER,0.22404603446256516,0.5285836881221808,0.9656670689582825,0.7569106966257095,0.2862299117259681,0.6232528795694527
00080,/Users/nikko/Downloads/moi-main/project_root/data/temp_frames/video12/frame_00080.png,"[0, 7, 1223, 699]",LEFT_HIP,-0.04695114836323854,-0.5029204940170159,0.9235044121742249,0.7569106966257095,0.2862299117259681,0.6232528795694527
00080,/Users/nikko/Downloads/moi-main/project_root/data/temp_frames/video12/frame_00080.png,"[0, 7, 1223, 699]",RIGHT_HIP,0.18271431336284413,-0.3926587434632331,0.9043431878089905,0.7569106966257095,0.2862299117259681,0.6232528795694527
00080,/Users/nikko/Downloads/moi-main/project_root/data/temp_frames/video12/frame_00080.png,"[0, 7, 1223, 699]",LEFT_ELBOW,-0.5679380460723573,-0.07305411372073994,0.9875388145446777,0.7569106966257095,0.2862299117259681,0.6232528795694527
00080,/Users/nikko/Downloads/moi-main/project_root/data/temp_frames/video12/frame_00080.png,"[0, 7, 1223, 699]",LEFT_WRIST,-0.6798083465328943,-0.8483870812820978,0.9797518849372864,0.7569106966257095,0.2862299117259681,0.6232528795694527
00080,/Users/nikko/Downloads/moi-main/project_root/data/temp_frames/video12/frame_00080.png,"[0, 7, 1223, 699]",LEFT_EYE,-0.004526226226246457,0.4765652598306259,0.9374682307243347,0.7569106966257095,0.2862299117259681,0.6232528795694527
00080,/Users/nikko/Downloads/moi-main/project_root/data/temp_frames/video12/frame_00080.png,"[0, 7, 1223, 699]",RIGHT_EYE,0.15748605273560007,0.45734620987409536,0.9505540132522583,0.7569106966257095,0.2862299117259681,0.6232528795694527
00081,/Users/nikko/Downloads/moi-main/project_root/data/temp_frames/video12/frame_00081.png,"[0, 7, 1223, 700]",LEFT_SHOULDER,-0.32481551098358896,0.3725295463123659,0.9975553154945374,0.7602123022079468,0.26807483145967126,0.5420623922464456
00081,/Users/nikko/Downloads/moi-main/project_root/data/temp_frames/video12/frame_00081.png,"[0, 7, 1223, 700]",RIGHT_SHOULDER,0.14116757803177732,0.5480846059832185,0.9908592104911804,0.7602123022079468,0.26807483145967126,0.5420623922464456
00081,/Users/nikko/Downloads/moi-main/project_root/data/temp_frames/video12/frame_00081.png,"[0, 7, 1223, 700]",LEFT_HIP,0.009686289315339583,-0.5441984947357074,0.8262500762939453,0.7602123022079468,0.26807483145967126,0.5420623922464456
00081,/Users/nikko/Downloads/moi-main/project_root/data/temp_frames/video12/frame_00081.png,"[0, 7, 1223, 700]",RIGHT_HIP,0.1739616436364721,-0.3764156575598771,0.8456999063491821,0.7602123022079468,0.26807483145967126,0.5420623922464456
00081,/Users/nikko/Downloads/moi-main/project_root/data/temp_frames/video12/frame_00081.png,"[0, 7, 1223, 700]",LEFT_ELBOW,-0.48973670955825366,-0.038228993339746636,0.9304023385047913,0.7602123022079468,0.26807483145967126,0.5420623922464456
00081,/Users/nikko/Downloads/moi-main/project_root/data/temp_frames/video12/frame_00081.png,"[0, 7, 1223, 700]",LEFT_WRIST,-0.5372464797012908,-0.6569785630018649,0.6711223125457764,0.7602123022079468,0.26807483145967126,0.5420623922464456
00081,/Users/nikko/Downloads/moi-main/project_root/data/temp_frames/video12/frame_00081.png,"[0, 7, 1223, 700]",LEFT_EYE,0.05268290179395629,0.6188883130219325,0.9591660499572754,0.7602123022079468,0.26807483145967126,0.5420623922464456
00081,/Users/nikko/Downloads/moi-main/project_root/data/temp_frames/video12/frame_00081.png,"[0, 7, 1223, 700]",RIGHT_EYE,0.14913366857257754,0.5565764105575827,0.9810261130332947,0.7602123022079468,0.26807483145967126,0.5420623922464456
00082,/Users/nikko/Downloads/moi-main/project_root/data/temp_frames/video12/frame_00082.png,"[1, 3, 1213, 700]",LEFT_SHOULDER,-0.3163620981915232,0.4474385206013275,0.9949408769607544,0.7310905307531357,0.30822433065623045,0.5902530955922514
00082,/Users/nikko/Downloads/moi-main/project_root/data/temp_frames/video12/frame_00082.png,"[1, 3, 1213, 700]",RIGHT_SHOULDER,0.29706407854107253,0.4499439726736091,0.9731053709983826,0.7310905307531357,0.30822433065623045,0.5902530955922514
00082,/Users/nikko/Downloads/moi-main/project_root/data/temp_frames/video12/frame_00082.png,"[1, 3, 1213, 700]",LEFT_HIP,-0.12370908175691209,-0.48138296372389305,0.8978623151779175,0.7310905307531357,0.30822433065623045,0.5902530955922514
00082,/Users/nikko/Downloads/moi-main/project_root/data/temp_frames/video12/frame_00082.png,"[1, 3, 1213, 700]",RIGHT_HIP,0.1430071014073628,-0.4159995295510435,0.9104579091072083,0.7310905307531357,0.30822433065623045,0.5902530955922514
00082,/Users/nikko/Downloads/moi-main/project_root/data/temp_frames/video12/frame_00082.png,"[1, 3, 1213, 700]",LEFT_ELBOW,-0.4553149184781326,0.06573878965993381,0.7762793302536011,0.7310905307531357,0.30822433065623045,0.5902530955922514
00082,/Users/nikko/Downloads/moi-main/project_root/data/temp_frames/video12/frame_00082.png,"[1, 3, 1213, 700]",LEFT_WRIST,-0.3611533527048093,-0.2974559798652465,0.5575816035270691,0.7310905307531357,0.30822433065623045,0.5902530955922514
00082,/Users/nikko/Downloads/moi-main/project_root/data/temp_frames/video12/frame_00082.png,"[1, 3, 1213, 700]",LEFT_EYE,-0.0027904976100282452,0.33758124833601144,0.8481981158256531,0.7310905307531357,0.30822433065623045,0.5902530955922514
00082,/Users/nikko/Downloads/moi-main/project_root/data/temp_frames/video12/frame_00082.png,"[1, 3, 1213, 700]",RIGHT_EYE,0.1419649722958419,0.26044304336608803,0.9143785834312439,0.7310905307531357,0.30822433065623045,0.5902530955922514
00091,/Users/nikko/Downloads/moi-main/project_root/data/temp_frames/video12/frame_00091.png,"[0, 7, 1185, 699]",LEFT_SHOULDER,-0.267457596037958,0.3724662733236219,0.923582911491394,0.7022542506456375,0.33632753789424896,0.49454655168673056
00091,/Users/nikko/Downloads/moi-main/project_root/data/temp_frames/video12/frame_00091.png,"[0, 7, 1185, 699]",RIGHT_SHOULDER,0.023492715959946776,0.5690176208357638,0.9494550228118896,0.7022542506456375,0.33632753789424896,0.49454655168673056
00091,/Users/nikko/Downloads/moi-main/project_root/data/temp_frames/video12/frame_00091.png,"[0, 7, 1185, 699]",LEFT_HIP,0.07321277333222423,-0.5436475352989016,0.8151077628135681,0.7022542506456375,0.33632753789424896,0.49454655168673056
00091,/Users/nikko/Downloads/moi-main/project_root/data/temp_frames/video12/frame_00091.png,"[0, 7, 1185, 699]",RIGHT_HIP,0.17075210674578697,-0.3978363588604841,0.8859751224517822,0.7022542506456375,0.33632753789424896,0.49454655168673056
00091,/Users/nikko/Downloads/moi-main/project_root/data/temp_frames/video12/frame_00091.png,"[0, 7, 1185, 699]",LEFT_EYE,-0.0021611429358539803,0.7742995941063066,0.672897219657898,0.7022542506456375,0.33632753789424896,0.49454655168673056
00091,/Users/nikko/Downloads/moi-main/project_root/data/temp_frames/video12/frame_00091.png,"[0, 7, 1185, 699]",RIGHT_EYE,0.07732492590543591,0.7588897787086359,0.8645934462547302,0.7022542506456375,0.33632753789424896,0.49454655168673056
00092,/Users/nikko/Downloads/moi-main/project_root/data/temp_frames/video12/frame_00092.png,"[0, 7, 1182, 698]",LEFT_SHOULDER,-0.31077560208267296,0.4260925703603804,0.996653139591217,0.6839112341403961,0.1306929662823677,1.0803922447029926
00092,/Users/nikko/Downloads/moi-main/project_root/data/temp_frames/video12/frame_00092.png,"[0, 7, 1182, 698]",RIGHT_SHOULDER,0.2094352826870486,0.4911870583298509,0.9354099631309509,0.6839112341403961,0.1306929662823677,1.0803922447029926
00092,/Users/nikko/Downloads/moi-main/project_root/data/temp_frames/video12/frame_00092.png,"[0, 7, 1182, 698]",LEFT_HIP,-0.06834360991040453,-0.499971813815249,0.6666120886802673,0.6839112341403961,0.1306929662823677,1.0803922447029926
00092,/Users/nikko/Downloads/moi-main/project_root/data/temp_frames/video12/frame_00092.png,"[0, 7, 1182, 698]",RIGHT_HIP,0.1696839293060289,-0.41730781487498225,0.5243275761604309,0.6839112341403961,0.1306929662823677,1.0803922447029926
00092,/Users/nikko/Downloads/moi-main/project_root/data/temp_frames/video12/frame_00092.png,"[0, 7, 1182, 698]",LEFT_ELBOW,-0.4634304741320486,-0.036442958763384645,0.7820419073104858,0.6839112341403961,0.1306929662823677,1.0803922447029926
00092,/Users/nikko/Downloads/moi-main/project_root/data/temp_frames/video12/frame_00092.png,"[0, 7, 1182, 698]",LEFT_WRIST,-0.24286534819366362,0.125930053093219,0.6374015808105469,0.6839112341403961,0.1306929662823677,1.0803922447029926
00092,/Users/nikko/Downloads/moi-main/project_root/data/temp_frames/video12/frame_00092.png,"[0, 7, 1182, 698]",LEFT_EYE,-0.08918138662091571,0.4372390609929333,0.9351100921630859,0.6839112341403961,0.1306929662823677,1.0803922447029926
00092,/Users/nikko/Downloads/moi-main/project_root/data/temp_frames/video12/frame_00092.png,"[0, 7, 1182, 698]",RIGHT_EYE,0.09729548849268109,0.4635364063701875,0.9575877785682678,0.6839112341403961,0.1306929662823677,1.0803922447029926
00093,/Users/nikko/Downloads/moi-main/project_root/data/temp_frames/video12/frame_00093.png,"[0, 7, 1182, 698]",LEFT_SHOULDER,-0.3028289028482996,0.41434106948155003,0.9978234767913818,0.6979503333568573,0.15490613132715225,1.1175169351104306
00093,/Users/nikko/Downloads/moi-main/project_root/data/temp_frames/video12/frame_00093.png,"[0, 7, 1182, 698]",RIGHT_SHOULDER,0.2121771323538596,0.502205304993723,0.9758481383323669,0.6979503333568573,0.15490613132715225,1.1175169351104306
00093,/Users/nikko/Downloads/moi-main/project_root/data/temp_frames/video12/frame_00093.png,"[0, 7, 1182, 698]",LEFT_HIP,-0.07987560070731076,-0.49828915249794686,0.66567063331604,0.6979503333568573,0.15490613132715225,1.1175169351104306
00093,/Users/nikko/Downloads/moi-main/project_root/data/temp_frames/video12/frame_00093.png,"[0, 7, 1182, 698]",RIGHT_HIP,0.17052737120175077,-0.41825722197732607,0.5485256314277649,0.6979503333568573,0.15490613132715225,1.1175169351104306
00093,/Users/nikko/Downloads/moi-main/project_root/data/temp_frames/video12/frame_00093.png,"[0, 7, 1182, 698]",LEFT_ELBOW,-0.29503441356389076,0.02646738810718839,0.8193413019180298,0.6979503333568573,0.15490613132715225,1.1175169351104306
00093,/Users/nikko/Downloads/moi-main/project_root/data/temp_frames/video12/frame_00093.png,"[0, 7, 1182, 698]",LEFT_WRIST,-0.27863362403516656,-0.006941709086068696,0.622333824634552,0.6979503333568573,0.15490613132715225,1.1175169351104306
00093,/Users/nikko/Downloads/moi-main/project_root/data/temp_frames/video12/frame_00093.png,"[0, 7, 1182, 698]",LEFT_EYE,-0.07467922118102342,0.3887403691123881,0.9594812393188477,0.6979503333568573,0.15490613132715225,1.1175169351104306
00093,/Users/nikko/Downloads/moi-main/project_root/data/temp_frames/video12/frame_00093.png,"[0, 7, 1182, 698]",RIGHT_EYE,0.06068308926682614,0.38669864094674156,0.9756946563720703,0.6979503333568573,0.15490613132715225,1.1175169351104306
00094,/Users/nikko/Downloads/moi-main/project_root/data/temp_frames/video12/frame_00094.png,"[1, 5, 1179, 698]",LEFT_SHOULDER,0.39083927737570273,0.07700236671352169,0.8231648802757263,0.35192262195050716,1.1223512887954712,0.7752530119125864
00094,/Users/nikko/Downloads/moi-main/project_root/data/temp_frames/video12/frame_00094.png,"[1, 5, 1179, 698]",RIGHT_SHOULDER,0.2913830574944025,-0.6225788405042522,0.9030696153640747,0.35192262195050716,1.1223512887954712,0.7752530119125864
00094,/Users/nikko/Downloads/moi-main/project_root/data/temp_frames/video12/frame_00094.png,"[1, 5, 1179, 698]",LEFT_HIP,-0.3443721833135459,0.47827611404607,0.6470907330513,0.35192262195050716,1.1223512887954712,0.7752530119125864
00094,/Users/nikko/Downloads/moi-main/project_root/data/temp_frames/video12/frame_00094.png,"[1, 5, 1179, 698]",RIGHT_HIP,-0.33785015155655934,0.06730035974466049,0.7702093720436096,0.35192262195050716,1.1223512887954712,0.7752530119125864
00114,/Users/nikko/Downloads/moi-main/project_root/data/temp_frames/video12/frame_00114.png,"[0, 1, 1171, 692]",LEFT_SHOULDER,-0.43565967340445033,-0.1929752144944188,0.9893955588340759,0.6796140298247337,0.43127255514264107,0.7610544278578517
00114,/Users/nikko/Downloads/moi-main/project_root/data/temp_frames/video12/frame_00114.png,"[0, 1, 1171, 692]",RIGHT_SHOULDER,-0.3055767488405265,0.5420250772352145,0.985917866230011,0.6796140298247337,0.43127255514264107,0.7610544278578517
00114,/Users/nikko/Downloads/moi-main/project_root/data/temp_frames/video12/frame_00114.png,"[0, 1, 1171, 692]",LEFT_HIP,0.340786653527886,-0.38776330168117773,0.9840831160545349,0.6796140298247337,0.43127255514264107,0.7610544278578517
00114,/Users/nikko/Downloads/moi-main/project_root/data/temp_frames/video12/frame_00114.png,"[0, 1, 1171, 692]",RIGHT_HIP,0.4004497687170908,0.038713438940382,0.9882398843765259,0.6796140298247337,0.43127255514264107,0.7610544278578517
00114,/Users/nikko/Downloads/moi-main/project_root/data/temp_frames/video12/frame_00114.png,"[0, 1, 1171, 692]",LEFT_ELBOW,-0.26940765784663684,-0.6666876564082427,0.7588464617729187,0.6796140298247337,0.43127255514264107,0.7610544278578517
00114,/Users/nikko/Downloads/moi-main/project_root/data/temp_frames/video12/frame_00114.png,"[0, 1, 1171, 692]",RIGHT_ELBOW,0.02020121077406005,0.5707674202258798,0.7191135883331299,0.6796140298247337,0.43127255514264107,0.7610544278578517
00114,/Users/nikko/Downloads/moi-main/project_root/data/temp_frames/video12/frame_00114.png,"[0, 1, 1171, 692]",RIGHT_WRIST,0.08523392096312316,0.6611240273130219,0.8523969650268555,0.6796140298247337,0.43127255514264107,0.7610544278578517
00114,/Users/nikko/Downloads/moi-main/project_root/data/temp_frames/video12/frame_00114.png,"[0, 1, 1171, 692]",RIGHT_ANKLE,1.024491300790589,-0.010799402245101463,0.5068512558937073,0.6796140298247337,0.43127255514264107,0.7610544278578517
00114,/Users/nikko/Downloads/moi-main/project_root/data/temp_frames/video12/frame_00114.png,"[0, 1, 1171, 692]",RIGHT_EYE,-0.7011781615758915,0.42426850632774554,0.7704064249992371,0.6796140298247337,0.43127255514264107,0.7610544278578517
00115,/Users/nikko/Downloads/moi-main/project_root/data/temp_frames/video12/frame_00115.png,"[0, 2, 1170, 693]",LEFT_SHOULDER,0.26997083194157445,-0.3779484456445789,0.8415259718894958,0.6012856662273407,1.098950833082199,0.6606010973389892
00115,/Users/nikko/Downloads/moi-main/project_root/data/temp_frames/video12/frame_00115.png,"[0, 2, 1170, 693]",RIGHT_SHOULDER,-0.1467437119045468,-0.5605050968301684,0.8314977884292603,0.6012856662273407,1.098950833082199,0.6606010973389892
00115,/Users/nikko/Downloads/moi-main/project_root/data/temp_frames/video12/frame_00115.png,"[0, 2, 1170, 693]",LEFT_HIP,0.037729469944969715,0.50411789725501,0.6481402516365051,0.6012856662273407,1.098950833082199,0.6606010973389892
00115,/Users/nikko/Downloads/moi-main/project_root/data/temp_frames/video12/frame_00115.png,"[0, 2, 1170, 693]",RIGHT_HIP,-0.16095658998199733,0.4343356452197372,0.7182996869087219,0.6012856662273407,1.098950833082199,0.6606010973389892
00115,/Users/nikko/Downloads/moi-main/project_root/data/temp_frames/video12/frame_00115.png,"[0, 2, 1170, 693]",RIGHT_ELBOW,-0.16873423431279708,-0.3897664950001259,0.5679796934127808,0.6012856662273407,1.098950833082199,0.6606010973389892
00115,/Users/nikko/Downloads/moi-main/project_root/data/temp_frames/video12/frame_00115.png,"[0, 2, 1170, 693]",LEFT_EYE,0.24813640378729498,-0.8410808189991021,0.9564135074615479,0.6012856662273407,1.098950833082199,0.6606010973389892
00115,/Users/nikko/Downloads/moi-main/project_root/data/temp_frames/video12/frame_00115.png,"[0, 2, 1170, 693]",RIGHT_EYE,0.15609808865623662,-0.8567830888975331,0.9827690720558167,0.6012856662273407,1.098950833082199,0.6606010973389892
00121,/Users/nikko/Downloads/moi-main/project_root/data/temp_frames/video12/frame_00121.png,"[0, 1, 1200, 697]",LEFT_SHOULDER,-0.3574493829087683,0.4137209535587487,0.9985365867614746,0.729804240167141,0.2759480644017458,0.8350315619826706
00121,/Users/nikko/Downloads/moi-main/project_root/data/temp_frames/video12/frame_00121.png,"[0, 1, 1200, 697]",RIGHT_SHOULDER,0.2021615787862956,0.49310063252319997,0.97954922914505,0.729804240167141,0.2759480644017458,0.8350315619826706
00121,/Users/nikko/Downloads/moi-main/project_root/data/temp_frames/video12/frame_00121.png,"[0, 1, 1200, 697]",LEFT_HIP,-0.024159695709876715,-0.5061126421575737,0.7832397222518921,0.729804240167141,0.2759480644017458,0.8350315619826706
00121,/Users/nikko/Downloads/moi-main/project_root/data/temp_frames/video12/frame_00121.png,"[0, 1, 1200, 697]",RIGHT_HIP,0.17944749983234942,-0.40070894392437506,0.7036131024360657,0.729804240167141,0.2759480644017458,0.8350315619826706
00121,/Users/nikko/Downloads/moi-main/project_root/data/temp_frames/video12/frame_00121.png,"[0, 1, 1200, 697]",LEFT_ELBOW,-0.4380076545600302,-0.04005887688172491,0.9825624227523804,0.729804240167141,0.2759480644017458,0.8350315619826706
00121,/Users/nikko/Downloads/moi-main/project_root/data/temp_frames/video12/frame_00121.png,"[0, 1, 1200, 697]",LEFT_WRIST,-0.3348717827252053,-0.21283019502268338,0.9543692469596863,0.729804240167141,0.2759480644017458,0.8350315619826706
00121,/Users/nikko/Downloads/moi-main/project_root/data/temp_frames/video12/frame_00121.png,"[0, 1, 1200, 697]",LEFT_EYE,0.021569757642465125,0.29542291134130905,0.8733742833137512,0.729804240167141,0.2759480644017458,0.8350315619826706
00121,/Users/nikko/Downloads/moi-main/project_root/data/temp_frames/video12/frame_00121.png,"[0, 1, 1200, 697]",RIGHT_EYE,0.14284463596872302,0.2894471112895624,0.915619969367981,0.729804240167141,0.2759480644017458,0.8350315619826706
00128,/Users/nikko/Downloads/moi-main/project_root/data/temp_frames/video12/frame_00128.png,"[3, 4, 1211, 707]",LEFT_SHOULDER,-0.3033229681742363,-0.49022136059482607,0.9765827059745789,0.8709738254547119,0.851230226457119,0.7468570478663499
00128,/Users/nikko/Downloads/moi-main/project_root/data/temp_frames/video12/frame_00128.png,"[3, 4, 1211, 707]",RIGHT_SHOULDER,-0.3961833910137819,-0.19227560880333255,0.9045767784118652,0.8709738254547119,0.851230226457119,0.7468570478663499
00128,/Users/nikko/Downloads/moi-main/project_root/data/temp_frames/video12/frame_00128.png,"[3, 4, 1211, 707]",LEFT_HIP,0.3797405332976412,0.27022469597325044,0.7752577066421509,0.8709738254547119,0.851230226457119,0.7468570478663499
00128,/Users/nikko/Downloads/moi-main/project_root/data/temp_frames/video12/frame_00128.png,"[3, 4, 1211, 707]",RIGHT_HIP,0.31976582589037705,0.4122722734249082,0.7156774997711182,0.8709738254547119,0.851230226457119,0.7468570478663499
00128,/Users/nikko/Downloads/moi-main/project_root/data/temp_frames/video12/frame_00128.png,"[3, 4, 1211, 707]",LEFT_EYE,-0.5312649483463213,-0.6266193393474737,0.5992996096611023,0.8709738254547119,0.851230226457119,0.7468570478663499
00128,/Users/nikko/Downloads/moi-main/project_root/data/temp_frames/video12/frame_00128.png,"[3, 4, 1211, 707]",RIGHT_EYE,-0.5485032055219048,-0.5402745441272356,0.6828158497810364,0.8709738254547119,0.851230226457119,0.7468570478663499
00129,/Users/nikko/Downloads/moi-main/project_root/data/temp_frames/video12/frame_00129.png,"[4, 4, 1215, 702]",LEFT_SHOULDER,-0.21807404491092253,0.566156084560846,0.9892560243606567,0.7239136472344398,0.390440383926034,0.6560591995174236
00129,/Users/nikko/Downloads/moi-main/project_root/data/temp_frames/video12/frame_00129.png,"[4, 4, 1215, 702]",RIGHT_SHOULDER,-0.40676173349606437,0.14683895020684712,0.9731261134147644,0.7239136472344398,0.390440383926034,0.6560591995174236
00129,/Users/nikko/Downloads/moi-main/project_root/data/temp_frames/video12/frame_00129.png,"[4, 4, 1215, 702]",LEFT_HIP,0.3501382739609385,-0.2402091335047434,0.970678985118866,0.7239136472344398,0.390440383926034,0.6560591995174236
00129,/Users/nikko/Downloads/moi-main/project_root/data/temp_frames/video12/frame_00129.png,"[4, 4, 1215, 702]",RIGHT_HIP,0.2746975044460484,-0.47278590126294967,0.9743518233299255,0.7239136472344398,0.390440383926034,0.6560591995174236
00129,/Users/nikko/Downloads/moi-main/project_root/data/temp_frames/video12/frame_00129.png,"[4, 4, 1215, 702]",LEFT_EYE,-0.6882567000750857,0.5602934609964781,0.9272558093070984,0.7239136472344398,0.390440383926034,0.6560591995174236
00129,/Users/nikko/Downloads/moi-main/project_root/data/temp_frames/video12/frame_00129.png,"[4, 4, 1215, 702]",RIGHT_EYE,-0.6969469726733081,0.5283577937502086,0.9705316424369812,0.7239136472344398,0.390440383926034,0.6560591995174236
00172,/Users/nikko/Downloads/moi-main/project_root/data/temp_frames/video12/frame_00172.png,"[0, 0, 1185, 725]",LEFT_SHOULDER,0.42224599064305784,0.23959586698763694,0.996306300163269,0.593090146780014,0.2904351018369198,0.3921416580417221
00172,/Users/nikko/Downloads/moi-main/project_root/data/temp_frames/video12/frame_00172.png,"[0, 0, 1185, 725]",RIGHT_SHOULDER,0.5177844725017622,0.07872396965169325,0.9912570714950562,0.593090146780014,0.2904351018369198,0.3921416580417221
00172,/Users/nikko/Downloads/moi-main/project_root/data/temp_frames/video12/frame_00172.png,"[0, 0, 1185, 725]",LEFT_HIP,-0.46684881470621514,-0.12533014289392874,0.990978479385376,0.593090146780014,0.2904351018369198,0.3921416580417221
00172,/Users/nikko/Downloads/moi-main/project_root/data/temp_frames/video12/frame_00172.png,"[0, 0, 1185, 725]",RIGHT_HIP,-0.4731816484386049,-0.19298969374540142,0.9899671077728271,0.593090146780014,0.2904351018369198,0.3921416580417221
00172,/Users/nikko/Downloads/moi-main/project_root/data/temp_frames/video12/frame_00172.png,"[0, 0, 1185, 725]",LEFT_EYE,0.7539941243950182,0.250197785172426,0.8972870111465454,0.593090146780014,0.2904351018369198,0.3921416580417221
00172,/Users/nikko/Downloads/moi-main/project_root/data/temp_frames/video12/frame_00172.png,"[0, 0, 1185, 725]",RIGHT_EYE,0.7663868039233689,0.15360732697295096,0.9241943359375,0.593090146780014,0.2904351018369198,0.3921416580417221
00173,/Users/nikko/Downloads/moi-main/project_root/data/temp_frames/video12/frame_00173.png,"[0, 0, 1189, 724]",LEFT_SHOULDER,0.27796392407168224,0.548238169859729,0.9934936165809631,0.5954978764057159,0.22846174146980047,0.5214034398963207
00173,/Users/nikko/Downloads/moi-main/project_root/data/temp_frames/video12/frame_00173.png,"[0, 0, 1189, 724]",RIGHT_SHOULDER,0.42926246909267957,-0.3027750207788705,0.9774302244186401,0.5954978764057159,0.22846174146980047,0.5214034398963207
00173,/Users/nikko/Downloads/moi-main/project_root/data/temp_frames/video12/frame_00173.png,"[0, 0, 1189, 724]",LEFT_HIP,-0.3706799149014713,0.11543082535822961,0.9735231995582581,0.5954978764057159,0.22846174146980047,0.5214034398963207
00173,/Users/nikko/Downloads/moi-main/project_root/data/temp_frames/video12/frame_00173.png,"[0, 0, 1189, 724]",RIGHT_HIP,-0.3365464782628905,-0.36089397443908805,0.9642025232315063,0.5954978764057159,0.22846174146980047,0.5214034398963207
00173,/Users/nikko/Downloads/moi-main/project_root/data/temp_frames/video12/frame_00173.png,"[0, 0, 1189, 724]",RIGHT_EYE,0.6629919563948208,0.23291178826118245,0.5832266211509705,0.5954978764057159,0.22846174146980047,0.5214034398963207
00200,/Users/nikko/Downloads/moi-main/project_root/data/temp_frames/video12/frame_00200.png,"[0, 1, 1207, 702]",LEFT_SHOULDER,0.4328804412802075,-0.10919391104357033,0.9990109205245972,0.5292880833148956,1.0179376155138016,1.110585564815483
00200,/Users/nikko/Downloads/moi-main/project_root/data/temp_frames/video12/frame_00200.png,"[0, 1, 1207, 702]",RIGHT_SHOULDER,-0.0022159895269864946,-0.6318120932188429,0.999504566192627,0.5292880833148956,1.0179376155138016,1.110585564815483
00200,/Users/nikko/Downloads/moi-main/project_root/data/temp_frames/video12/frame_00200.png,"[0, 1, 1207, 702]",LEFT_HIP,-0.09435442375889587,0.5322229815487495,0.9360268712043762,0.5292880833148956,1.0179376155138016,1.110585564815483
00200,/Users/nikko/Downloads/moi-main/project_root/data/temp_frames/video12/frame_00200.png,"[0, 1, 1207, 702]",RIGHT_HIP,-0.33631002799432513,0.20878302271366375,0.9612406492233276,0.5292880833148956,1.0179376155138016,1.110585564815483
00200,/Users/nikko/Downloads/moi-main/project_root/data/temp_frames/video12/frame_00200.png,"[0, 1, 1207, 702]",RIGHT_WRIST,-0.33846950346878213,-0.2805482215130368,0.9691243767738342,0.5292880833148956,1.0179376155138016,1.110585564815483
00200,/Users/nikko/Downloads/moi-main/project_root/data/temp_frames/video12/frame_00200.png,"[0, 1, 1207, 702]",LEFT_EYE,0.3442418799224933,-0.5679444246604655,0.7610722780227661,0.5292880833148956,1.0179376155138016,1.110585564815483
00200,/Users/nikko/Downloads/moi-main/project_root/data/temp_frames/video12/frame_00200.png,"[0, 1, 1207, 702]",RIGHT_EYE,0.2547634972029731,-0.6472807354031282,0.9300246834754944,0.5292880833148956,1.0179376155138016,1.110585564815483
00210,/Users/nikko/Downloads/moi-main/project_root/data/temp_frames/video12/frame_00210.png,"[0, 0, 1600, 718]",LEFT_SHOULDER,0.44849887397456545,-0.1727030188732058,0.9999396800994873,0.7264462560415268,0.45883718878030777,0.1987863418099708
00210,/Users/nikko/Downloads/moi-main/project_root/data/temp_frames/video12/frame_00210.png,"[0, 0, 1600, 718]",RIGHT_SHOULDER,0.24832804722298596,-0.49909250424803986,0.9998103976249695,0.7264462560415268,0.45883718878030777,0.1987863418099708
00210,/Users/nikko/Downloads/moi-main/project_root/data/temp_frames/video12/frame_00210.png,"[0, 0, 1600, 718]",LEFT_HIP,-0.26971867958352724,0.34932621943132336,0.9995272159576416,0.7264462560415268,0.45883718878030777,0.1987863418099708
00210,/Users/nikko/Downloads/moi-main/project_root/data/temp_frames/video12/frame_00210.png,"[0, 0, 1600, 718]",RIGHT_HIP,-0.4271082416140242,0.32246930368992227,0.9996052384376526,0.7264462560415268,0.45883718878030777,0.1987863418099708
00210,/Users/nikko/Downloads/moi-main/project_root/data/temp_frames/video12/frame_00210.png,"[0, 0, 1600, 718]",LEFT_EYE,0.6072509214927138,-0.39998907590131216,0.9999231100082397,0.7264462560415268,0.45883718878030777,0.1987863418099708
00210,/Users/nikko/Downloads/moi-main/project_root/data/temp_frames/video12/frame_00210.png,"[0, 0, 1600, 718]",RIGHT_EYE,0.5283739860026087,-0.6107636918315985,0.9999270439147949,0.7264462560415268,0.45883718878030777,0.1987863418099708
00211,/Users/nikko/Downloads/moi-main/project_root/data/temp_frames/video12/frame_00211.png,"[0, 0, 1681, 713]",LEFT_SHOULDER,-0.22224501240708386,0.7752538243323147,0.9981631636619568,0.7019862830638885,0.37344200909137726,0.36668594656394193
00211,/Users/nikko/Downloads/moi-main/project_root/data/temp_frames/video12/frame_00211.png,"[0, 0, 1681, 713]",RIGHT_SHOULDER,0.3070357472185292,0.0923157641994739,0.9985552430152893,0.7019862830638885,0.37344200909137726,0.36668594656394193
00211,/Users/nikko/Downloads/moi-main/project_root/data/temp_frames/video12/frame_00211.png,"[0, 0, 1681, 713]",LEFT_HIP,-0.16739558421297,-0.2788361999348027,0.9425715804100037,0.7019862830638885,0.37344200909137726,0.36668594656394193
00211,/Users/nikko/Downloads/moi-main/project_root/data/temp_frames/video12/frame_00211.png,"[0, 0, 1681, 713]",RIGHT_HIP,0.08260484940152467,-0.588733388596986,0.9648075699806213,0.7019862830638885,0.37344200909137726,0.36668594656394193
00211,/Users/nikko/Downloads/moi-main/project_root/data/temp_frames/video12/frame_00211.png,"[0, 0, 1681, 713]",RIGHT_ELBOW,0.5733207223564796,-0.9560780251512881,0.5926410555839539,0.7019862830638885,0.37344200909137726,0.36668594656394193
00211,/Users/nikko/Downloads/moi-main/project_root/data/temp_frames/video12/frame_00211.png,"[0, 0, 1681, 713]",LEFT_EYE,-0.07567649886595687,0.3813069643711478,0.9076577425003052,0.7019862830638885,0.37344200909137726,0.36668594656394193
00211,/Users/nikko/Downloads/moi-main/project_root/data/temp_frames/video12/frame_00211.png,"[0, 0, 1681, 713]",RIGHT_EYE,0.051264478592099,0.23870994332140477,0.9730274677276611,0.7019862830638885,0.37344200909137726,0.36668594656394193
00212,/Users/nikko/Downloads/moi-main/project_root/data/temp_frames/video12/frame_00212.png,"[0, 0, 1674, 711]",LEFT_SHOULDER,-0.01937652523134498,0.7249528211979173,0.9862332344055176,0.7049760669469833,0.4837641716003418,0.3667596538218837
00212,/Users/nikko/Downloads/moi-main/project_root/data/temp_frames/video12/frame_00212.png,"[0, 0, 1674, 711]",RIGHT_SHOULDER,0.2549642035830684,0.20928521069797326,0.9975979924201965,0.7049760669469833,0.4837641716003418,0.3667596538218837
00212,/Users/nikko/Downloads/moi-main/project_root/data/temp_frames/video12/frame_00212.png,"[0, 0, 1674, 711]",LEFT_HIP,-0.15292186875584807,-0.3657309741907644,0.9945421814918518,0.7049760669469833,0.4837641716003418,0.3667596538218837
00212,/Users/nikko/Downloads/moi-main/project_root/data/temp_frames/video12/frame_00212.png,"[0, 0, 1674, 711]",RIGHT_HIP,-0.08266580959587537,-0.5685070577051262,0.9975935816764832,0.7049760669469833,0.4837641716003418,0.3667596538218837
00212,/Users/nikko/Downloads/moi-main/project_root/data/temp_frames/video12/frame_00212.png,"[0, 0, 1674, 711]",LEFT_EYE,0.10677381144616241,0.9678549792689155,0.8495005965232849,0.7049760669469833,0.4837641716003418,0.3667596538218837
00212,/Users/nikko/Downloads/moi-main/project_root/data/temp_frames/video12/frame_00212.png,"[0, 0, 1674, 711]",RIGHT_EYE,0.21378615708346999,0.8566843135165808,0.967930018901825,0.7049760669469833,0.4837641716003418,0.3667596538218837
00213,/Users/nikko/Downloads/moi-main/project_root/data/temp_frames/video12/frame_00213.png,"[0, 0, 1651, 712]",LEFT_SHOULDER,-0.17822137155511883,0.764287614441675,0.9965941309928894,0.709450364112854,0.45515698567032814,0.39555313757340826
00213,/Users/nikko/Downloads/moi-main/project_root/data/temp_frames/video12/frame_00213.png,"[0, 0, 1651, 712]",RIGHT_SHOULDER,0.32164101908927517,0.09867733055448943,0.9989481568336487,0.709450364112854,0.45515698567032814,0.39555313757340826
00213,/Users/nikko/Downloads/moi-main/project_root/data/temp_frames/video12/frame_00213.png,"[0, 0, 1651, 712]",LEFT_HIP,-0.17798991659830404,-0.25694409403874374,0.9861875772476196,0.709450364112854,0.45515698567032814,0.39555313757340826
00213,/Users/nikko/Downloads/moi-main/project_root/data/temp_frames/video12/frame_00213.png,"[0, 0, 1651, 712]",RIGHT_HIP,0.03457026906414773,-0.6060208509574208,0.9911648631095886,0.709450364112854,0.45515698567032814,0.39555313757340826
00213,/Users/nikko/Downloads/moi-main/project_root/data/temp_frames/video12/frame_00213.png,"[0, 0, 1651, 712]",LEFT_EYE,0.01565440175691147,0.549151437576913,0.9773398041725159,0.709450364112854,0.45515698567032814,0.39555313757340826
00213,/Users/nikko/Downloads/moi-main/project_root/data/temp_frames/video12/frame_00213.png,"[0, 0, 1651, 712]",RIGHT_EYE,0.16379762906403172,0.4301786171090334,0.9930745363235474,0.709450364112854,0.45515698567032814,0.39555313757340826
00214,/Users/nikko/Downloads/moi-main/project_root/data/temp_frames/video12/frame_00214.png,"[0, 0, 1655, 711]",LEFT_SHOULDER,-0.19893646356867914,0.7715106373551905,0.9894178509712219,0.7005280554294586,0.4483121782541275,0.3669096035535606
00214,/Users/nikko/Downloads/moi-main/project_root/data/temp_frames/video12/frame_00214.png,"[0, 0, 1655, 711]",RIGHT_SHOULDER,0.33735922624389525,0.07423292903755627,0.9982981085777283,0.7005280554294586,0.4483121782541275,0.3669096035535606
00214,/Users/nikko/Downloads/moi-main/project_root/data/temp_frames/video12/frame_00214.png,"[0, 0, 1655, 711]",LEFT_HIP,-0.16960992646387585,-0.22465785879328753,0.983738899230957,0.7005280554294586,0.4483121782541275,0.3669096035535606
00214,/Users/nikko/Downloads/moi-main/project_root/data/temp_frames/video12/frame_00214.png,"[0, 0, 1655, 711]",RIGHT_HIP,0.031187163788659735,-0.6210857075994592,0.992400050163269,0.7005280554294586,0.4483121782541275,0.3669096035535606
00214,/Users/nikko/Downloads/moi-main/project_root/data/temp_frames/video12/frame_00214.png,"[0, 0, 1655, 711]",LEFT_EYE,-0.03517727271683727,0.7041164271954423,0.98929762840271,0.7005280554294586,0.4483121782541275,0.3669096035535606
00214,/Users/nikko/Downloads/moi-main/project_root/data/temp_frames/video12/frame_00214.png,"[0, 0, 1655, 711]",RIGHT_EYE,0.13842495575682714,0.502400679423615,0.9972038269042969,0.7005280554294586,0.4483121782541275,0.3669096035535606
00215,/Users/nikko/Downloads/moi-main/project_root/data/temp_frames/video12/frame_00215.png,"[0, 0, 1553, 710]",LEFT_SHOULDER,-0.1669423715709521,0.6364179709780164,0.9781537055969238,0.7635621726512909,0.248888592235744,0.5552159481927972
00215,/Users/nikko/Downloads/moi-main/project_root/data/temp_frames/video12/frame_00215.png,"[0, 0, 1553, 710]",RIGHT_SHOULDER,0.18834424738487612,0.32857445980447525,0.974798858165741,0.7635621726512909,0.248888592235744,0.5552159481927972
00215,/Users/nikko/Downloads/moi-main/project_root/data/temp_frames/video12/frame_00215.png,"[0, 0, 1553, 710]",LEFT_HIP,-0.0841526957230544,-0.4238806609338481,0.8024088740348816,0.7635621726512909,0.248888592235744,0.5552159481927972
00215,/Users/nikko/Downloads/moi-main/project_root/data/temp_frames/video12/frame_00215.png,"[0, 0, 1553, 710]",RIGHT_HIP,0.06275081990913035,-0.5411117698486437,0.8876609206199646,0.7635621726512909,0.248888592235744,0.5552159481927972
00215,/Users/nikko/Downloads/moi-main/project_root/data/temp_frames/video12/frame_00215.png,"[0, 0, 1553, 710]",LEFT_EYE,-0.01977777104636542,0.6091777560241309,0.9841707348823547,0.7635621726512909,0.248888592235744,0.5552159481927972
00215,/Users/nikko/Downloads/moi-main/project_root/data/temp_frames/video12/frame_00215.png,"[0, 0, 1553, 710]",RIGHT_EYE,0.07170274668656433,0.5118328121327966,0.991057276725769,0.7635621726512909,0.248888592235744,0.5552159481927972
00216,/Users/nikko/Downloads/moi-main/project_root/data/temp_frames/video12/frame_00216.png,"[0, 0, 1527, 710]",LEFT_SHOULDER,-0.2278111051915285,0.6225026551209566,0.9896302819252014,0.7736171931028366,0.2795180134708062,0.6326195448499635
00216,/Users/nikko/Downloads/moi-main/project_root/data/temp_frames/video12/frame_00216.png,"[0, 0, 1527, 710]",RIGHT_SHOULDER,0.2148774570509698,0.3237963190731398,0.9558740258216858,0.7736171931028366,0.2795180134708062,0.6326195448499635
00216,/Users/nikko/Downloads/moi-main/project_root/data/temp_frames/video12/frame_00216.png,"[0, 0, 1527, 710]",LEFT_HIP,-0.09186894478151933,-0.43610695484945255,0.9101123809814453,0.7736171931028366,0.2795180134708062,0.6326195448499635
00216,/Users/nikko/Downloads/moi-main/project_root/data/temp_frames/video12/frame_00216.png,"[0, 0, 1527, 710]",RIGHT_HIP,0.10480259292207801,-0.510192019344644,0.9176721572875977,0.7736171931028366,0.2795180134708062,0.6326195448499635
00216,/Users/nikko/Downloads/moi-main/project_root/data/temp_frames/video12/frame_00216.png,"[0, 0, 1527, 710]",LEFT_EYE,-0.04197256071131542,0.4785582106589919,0.6294997334480286,0.7736171931028366,0.2795180134708062,0.6326195448499635
00216,/Users/nikko/Downloads/moi-main/project_root/data/temp_frames/video12/frame_00216.png,"[0, 0, 1527, 710]",RIGHT_EYE,0.04511018757432742,0.38912941463108525,0.7233264446258545,0.7736171931028366,0.2795180134708062,0.6326195448499635
00217,/Users/nikko/Downloads/moi-main/project_root/data/temp_frames/video12/frame_00217.png,"[0, 0, 1577, 710]",LEFT_SHOULDER,0.39407346274208827,-0.050818145195990844,0.9858270883560181,0.7470778375864029,0.6451742798089981,0.23373714390471106
00217,/Users/nikko/Downloads/moi-main/project_root/data/temp_frames/video12/frame_00217.png,"[0, 0, 1577, 710]",RIGHT_SHOULDER,0.03275127056569744,-0.7197093157165223,0.9796527624130249,0.7470778375864029,0.6451742798089981,0.23373714390471106
00217,/Users/nikko/Downloads/moi-main/project_root/data/temp_frames/video12/frame_00217.png,"[0, 0, 1577, 710]",LEFT_HIP,-0.14301980826157493,0.5302595254330265,0.9842774868011475,0.7470778375864029,0.6451742798089981,0.23373714390471106
00217,/Users/nikko/Downloads/moi-main/project_root/data/temp_frames/video12/frame_00217.png,"[0, 0, 1577, 710]",RIGHT_HIP,-0.2838049250462108,0.24026793547948674,0.9885197281837463,0.7470778375864029,0.6451742798089981,0.23373714390471106
00217,/Users/nikko/Downloads/moi-main/project_root/data/temp_frames/video12/frame_00217.png,"[0, 0, 1577, 710]",LEFT_EYE,0.21972047872019726,-0.08688457256687783,0.7828823328018188,0.7470778375864029,0.6451742798089981,0.23373714390471106
00217,/Users/nikko/Downloads/moi-main/project_root/data/temp_frames/video12/frame_00217.png,"[0, 0, 1577, 710]",RIGHT_EYE,0.09326523416962011,-0.2793545401256002,0.8950022459030151,0.7470778375864029,0.6451742798089981,0.23373714390471106
00220,/Users/nikko/Downloads/moi-main/project_root/data/temp_frames/video12/frame_00220.png,"[0, 0, 1575, 715]",LEFT_SHOULDER,0.32905686377837345,-0.37743622174638747,0.9999198913574219,0.7981216758489609,0.5193380862474442,0.2598214251348764
00220,/Users/nikko/Downloads/moi-main/project_root/data/temp_frames/video12/frame_00220.png,"[0, 0, 1575, 715]",RIGHT_SHOULDER,-0.0832064875567113,-0.5331261777440177,0.9997979998588562,0.7981216758489609,0.5193380862474442,0.2598214251348764
00220,/Users/nikko/Downloads/moi-main/project_root/data/temp_frames/video12/frame_00220.png,"[0, 0, 1575, 715]",LEFT_HIP,-0.014808800817820315,0.4880329488303796,0.9999425411224365,0.7981216758489609,0.5193380862474442,0.2598214251348764
00220,/Users/nikko/Downloads/moi-main/project_root/data/temp_frames/video12/frame_00220.png,"[0, 0, 1575, 715]",RIGHT_HIP,-0.23104157540384185,0.42252945066002556,0.9999511241912842,0.7981216758489609,0.5193380862474442,0.2598214251348764
00220,/Users/nikko/Downloads/moi-main/project_root/data/temp_frames/video12/frame_00220.png,"[0, 0, 1575, 715]",LEFT_EYE,0.21495733348789828,-0.4832549912835183,0.8252172470092773,0.7981216758489609,0.5193380862474442,0.2598214251348764
00220,/Users/nikko/Downloads/moi-main/project_root/data/temp_frames/video12/frame_00220.png,"[0, 0, 1575, 715]",RIGHT_EYE,0.14652087710188597,-0.505863430710155,0.9206457138061523,0.7981216758489609,0.5193380862474442,0.2598214251348764
00221,/Users/nikko/Downloads/moi-main/project_root/data/temp_frames/video12/frame_00221.png,"[0, 0, 1605, 714]",LEFT_SHOULDER,0.337823539682159,-0.26414123680563495,0.9973811507225037,0.7884130328893661,0.6377085670828819,0.3558239766587849
00221,/Users/nikko/Downloads/moi-main/project_root/data/temp_frames/video12/frame_00221.png,"[0, 0, 1605, 714]",RIGHT_SHOULDER,-0.1448147441296392,-0.6226757854696665,0.9959233999252319,0.7884130328893661,0.6377085670828819,0.3558239766587849
00221,/Users/nikko/Downloads/moi-main/project_root/data/temp_frames/video12/frame_00221.png,"[0, 0, 1605, 714]",LEFT_HIP,0.016697933504799395,0.5628215026177319,0.99779212474823,0.7884130328893661,0.6377085670828819,0.3558239766587849
00221,/Users/nikko/Downloads/moi-main/project_root/data/temp_frames/video12/frame_00221.png,"[0, 0, 1605, 714]",RIGHT_HIP,-0.2097067290573192,0.3239955196575696,0.998561441898346,0.7884130328893661,0.6377085670828819,0.3558239766587849
00222,/Users/nikko/Downloads/moi-main/project_root/data/temp_frames/video12/frame_00222.png,"[0, 0, 1638, 716]",LEFT_SHOULDER,0.32539738788863426,-0.4306761546335946,0.9970581531524658,0.7714280188083649,0.739210307598114,0.3100148735559206
00222,/Users/nikko/Downloads/moi-main/project_root/data/temp_frames/video12/frame_00222.png,"[0, 0, 1638, 716]",RIGHT_SHOULDER,-0.2863015008015731,-0.45234409522138724,0.9917904138565063,0.7714280188083649,0.739210307598114,0.3100148735559206
00222,/Users/nikko/Downloads/moi-main/project_root/data/temp_frames/video12/frame_00222.png,"[0, 0, 1638, 716]",LEFT_HIP,0.1403194252773961,0.4811855913089726,0.9951503872871399,0.7714280188083649,0.739210307598114,0.3100148735559206
00222,/Users/nikko/Downloads/moi-main/project_root/data/temp_frames/video12/frame_00222.png,"[0, 0, 1638, 716]",RIGHT_HIP,-0.17941531236445724,0.40183465854600925,0.9959039092063904,0.7714280188083649,0.739210307598114,0.3100148735559206
00222,/Users/nikko/Downloads/moi-main/project_root/data/temp_frames/video12/frame_00222.png,"[0, 0, 1638, 716]",LEFT_EYE,0.0121555918131688,-0.04910475718457142,0.8100167512893677,0.7714280188083649,0.739210307598114,0.3100148735559206
00222,/Users/nikko/Downloads/moi-main/project_root/data/temp_frames/video12/frame_00222.png,"[0, 0, 1638, 716]",RIGHT_EYE,-0.12369360344766571,-0.06587939121330047,0.905431866645813,0.7714280188083649,0.739210307598114,0.3100148735559206
00223,/Users/nikko/Downloads/moi-main/project_root/data/temp_frames/video12/frame_00223.png,"[0, 0, 1658, 715]",LEFT_SHOULDER,0.28678382283561704,-0.37113231346517267,0.9999014139175415,0.776313453912735,0.5730277895927429,0.2622979891257017
00223,/Users/nikko/Downloads/moi-main/project_root/data/temp_frames/video12/frame_00223.png,"[0, 0, 1658, 715]",RIGHT_SHOULDER,-0.15614321060585612,-0.552668819915936,0.9998094439506531,0.776313453912735,0.5730277895927429,0.2622979891257017
00223,/Users/nikko/Downloads/moi-main/project_root/data/temp_frames/video12/frame_00223.png,"[0, 0, 1658, 715]",LEFT_HIP,0.05776934185532495,0.49736219361518486,0.9998503923416138,0.776313453912735,0.5730277895927429,0.2622979891257017
00223,/Users/nikko/Downloads/moi-main/project_root/data/temp_frames/video12/frame_00223.png,"[0, 0, 1658, 715]",RIGHT_HIP,-0.1884099540850859,0.42643893976592384,0.9998766183853149,0.776313453912735,0.5730277895927429,0.2622979891257017
00223,/Users/nikko/Downloads/moi-main/project_root/data/temp_frames/video12/frame_00223.png,"[0, 0, 1658, 715]",LEFT_EYE,0.059110286214036835,-0.2872747752652048,0.9295318722724915,0.776313453912735,0.5730277895927429,0.2622979891257017
00223,/Users/nikko/Downloads/moi-main/project_root/data/temp_frames/video12/frame_00223.png,"[0, 0, 1658, 715]",RIGHT_EYE,-0.013846994572155203,-0.30271597338735884,0.9623121619224548,0.776313453912735,0.5730277895927429,0.2622979891257017
00224,/Users/nikko/Downloads/moi-main/project_root/data/temp_frames/video12/frame_00224.png,"[0, 0, 1656, 715]",LEFT_SHOULDER,0.2763695020955882,-0.41295984899242105,0.9999494552612305,0.7622432857751846,0.5151230320334435,0.24120864776986362
00224,/Users/nikko/Downloads/moi-main/project_root/data/temp_frames/video12/frame_00224.png,"[0, 0, 1656, 715]",RIGHT_SHOULDER,-0.04796550120216481,-0.5250186178838885,0.9999303817749023,0.7622432857751846,0.5151230320334435,0.24120864776986362
00224,/Users/nikko/Downloads/moi-main/project_root/data/temp_frames/video12/frame_00224.png,"[0, 0, 1656, 715]",LEFT_HIP,-0.023428147041655294,0.476618576839116,0.9999240636825562,0.7622432857751846,0.5151230320334435,0.24120864776986362
00224,/Users/nikko/Downloads/moi-main/project_root/data/temp_frames/video12/frame_00224.png,"[0, 0, 1656, 715]",RIGHT_HIP,-0.20497585385176806,0.4613598900371935,0.9999337196350098,0.7622432857751846,0.5151230320334435,0.24120864776986362
00224,/Users/nikko/Downloads/moi-main/project_root/data/temp_frames/video12/frame_00224.png,"[0, 0, 1656, 715]",RIGHT_ELBOW,-0.19823993029780596,0.35599960780110695,0.679308295249939,0.7622432857751846,0.5151230320334435,0.24120864776986362
00224,/Users/nikko/Downloads/moi-main/project_root/data/temp_frames/video12/frame_00224.png,"[0, 0, 1656, 715]",LEFT_EYE,0.2620414249310046,-0.5303374992271974,0.995663583278656,0.7622432857751846,0.5151230320334435,0.24120864776986362
00224,/Users/nikko/Downloads/moi-main/project_root/data/temp_frames/video12/frame_00224.png,"[0, 0, 1656, 715]",RIGHT_EYE,0.20216685091696987,-0.578567468024785,0.9978552460670471,0.7622432857751846,0.5151230320334435,0.24120864776986362
00225,/Users/nikko/Downloads/moi-main/project_root/data/temp_frames/video12/frame_00225.png,"[0, 0, 1684, 711]",LEFT_SHOULDER,0.19553502145083185,-0.4919131361795163,0.9998856782913208,0.7266817539930344,0.43543893843889236,0.19359603874460407
00225,/Users/nikko/Downloads/moi-main/project_root/data/temp_frames/video12/frame_00225.png,"[0, 0, 1684, 711]",RIGHT_SHOULDER,0.18030812457953077,-0.43475385239165826,0.9993840456008911,0.7266817539930344,0.43543893843889236,0.19359603874460407
00225,/Users/nikko/Downloads/moi-main/project_root/data/temp_frames/video12/frame_00225.png,"[0, 0, 1684, 711]",LEFT_HIP,-0.16983322519615043,0.44314831930069526,0.999980092048645,0.7266817539930344,0.43543893843889236,0.19359603874460407
00225,/Users/nikko/Downloads/moi-main/project_root/data/temp_frames/video12/frame_00225.png,"[0, 0, 1684, 711]",RIGHT_HIP,-0.20600992083421216,0.4835186692704793,0.9999699592590332,0.7266817539930344,0.43543893843889236,0.19359603874460407
00225,/Users/nikko/Downloads/moi-main/project_root/data/temp_frames/video12/frame_00225.png,"[0, 0, 1684, 711]",LEFT_ANKLE,-0.41183580548335813,2.0099183288473426,0.5110079050064087,0.7266817539930344,0.43543893843889236,0.19359603874460407
00225,/Users/nikko/Downloads/moi-main/project_root/data/temp_frames/video12/frame_00225.png,"[0, 0, 1684, 711]",LEFT_EYE,0.3747165305385958,-0.45712775717937054,0.9963099360466003,0.7266817539930344,0.43543893843889236,0.19359603874460407
00225,/Users/nikko/Downloads/moi-main/project_root/data/temp_frames/video12/frame_00225.png,"[0, 0, 1684, 711]",RIGHT_EYE,0.36143482917921177,-0.47928260425788227,0.9963870048522949,0.7266817539930344,0.43543893843889236,0.19359603874460407
00226,/Users/nikko/Downloads/moi-main/project_root/data/temp_frames/video12/frame_00226.png,"[0, 0, 1608, 715]",LEFT_SHOULDER,0.3472764786659847,-0.07722160492498581,0.9990953207015991,0.7338772267103195,0.6624357178807259,0.28900328837183914
00226,/Users/nikko/Downloads/moi-main/project_root/data/temp_frames/video12/frame_00226.png,"[0, 0, 1608, 715]",RIGHT_SHOULDER,0.08994078718492682,-0.7180307586796897,0.9961273074150085,0.7338772267103195,0.6624357178807259,0.28900328837183914
00226,/Users/nikko/Downloads/moi-main/project_root/data/temp_frames/video12/frame_00226.png,"[0, 0, 1608, 715]",LEFT_HIP,-0.15966742533550776,0.5585336893178521,0.9975084066390991,0.7338772267103195,0.6624357178807259,0.28900328837183914
00226,/Users/nikko/Downloads/moi-main/project_root/data/temp_frames/video12/frame_00226.png,"[0, 0, 1608, 715]",RIGHT_HIP,-0.2775498405154037,0.23671867428682336,0.9978240728378296,0.7338772267103195,0.6624357178807259,0.28900328837183914
00226,/Users/nikko/Downloads/moi-main/project_root/data/temp_frames/video12/frame_00226.png,"[0, 0, 1608, 715]",LEFT_EYE,0.16284180060033196,-0.4045810263000531,0.5884709358215332,0.7338772267103195,0.6624357178807259,0.28900328837183914
00226,/Users/nikko/Downloads/moi-main/project_root/data/temp_frames/video12/frame_00226.png,"[0, 0, 1608, 715]",RIGHT_EYE,0.07822891711615038,-0.5226288476432462,0.6292098164558411,0.7338772267103195,0.6624357178807259,0.28900328837183914
00252,/Users/nikko/Downloads/moi-main/project_root/data/temp_frames/video12/frame_00252.png,"[12, 5, 1025, 722]",LEFT_SHOULDER,0.210293718687502,0.3794755456342329,0.9991426467895508,0.8765988498926163,0.5452799126505852,0.2592782416182939
00252,/Users/nikko/Downloads/moi-main/project_root/data/temp_frames/video12/frame_00252.png,"[12, 5, 1025, 722]",RIGHT_SHOULDER,-0.14872072374847506,0.5805074125859081,0.9998825788497925,0.8765988498926163,0.5452799126505852,0.2592782416182939
00252,/Users/nikko/Downloads/moi-main/project_root/data/temp_frames/video12/frame_00252.png,"[12, 5, 1025, 722]",LEFT_HIP,0.05207481957478202,-0.5229608274434143,0.9998195767402649,0.8765988498926163,0.5452799126505852,0.2592782416182939
00252,/Users/nikko/Downloads/moi-main/project_root/data/temp_frames/video12/frame_00252.png,"[12, 5, 1025, 722]",RIGHT_HIP,-0.11364781451380895,-0.4370221307767268,0.9999263286590576,0.8765988498926163,0.5452799126505852,0.2592782416182939
00252,/Users/nikko/Downloads/moi-main/project_root/data/temp_frames/video12/frame_00252.png,"[12, 5, 1025, 722]",LEFT_EYE,0.3080613554923878,0.8704155846534349,0.9995760321617126,0.8765988498926163,0.5452799126505852,0.2592782416182939
00252,/Users/nikko/Downloads/moi-main/project_root/data/temp_frames/video12/frame_00252.png,"[12, 5, 1025, 722]",RIGHT_EYE,0.2660205774081567,0.8847170722482975,0.9999138116836548,0.8765988498926163,0.5452799126505852,0.2592782416182939
00253,/Users/nikko/Downloads/moi-main/project_root/data/temp_frames/video12/frame_00253.png,"[18, 4, 1036, 722]",LEFT_SHOULDER,0.023841341812356007,0.6452443485427385,0.9994242191314697,0.8633420467376709,0.49348949640989304,0.2639532137188503
00253,/Users/nikko/Downloads/moi-main/project_root/data/temp_frames/video12/frame_00253.png,"[18, 4, 1036, 722]",RIGHT_SHOULDER,-0.012286152789159451,0.3546290074221416,0.9926361441612244,0.8633420467376709,0.49348949640989304,0.2639532137188503
00253,/Users/nikko/Downloads/moi-main/project_root/data/temp_frames/video12/frame_00253.png,"[18, 4, 1036, 722]",LEFT_HIP,-0.01056182800791365,-0.4184167738542469,0.999568521976471,0.8633420467376709,0.49348949640989304,0.2639532137188503
00253,/Users/nikko/Downloads/moi-main/project_root/data/temp_frames/video12/frame_00253.png,"[18, 4, 1036, 722]",RIGHT_HIP,-0.0009933610152829074,-0.5814565821106331,0.9995095729827881,0.8633420467376709,0.49348949640989304,0.2639532137188503
00253,/Users/nikko/Downloads/moi-main/project_root/data/temp_frames/video12/frame_00253.png,"[18, 4, 1036, 722]",RIGHT_ANKLE,-0.11327906035726167,-1.486909127533705,0.5173696875572205,0.8633420467376709,0.49348949640989304,0.2639532137188503
00253,/Users/nikko/Downloads/moi-main/project_root/data/temp_frames/video12/frame_00253.png,"[18, 4, 1036, 722]",LEFT_EYE,-0.21592222532470182,0.866398260160251,0.9999223947525024,0.8633420467376709,0.49348949640989304,0.2639532137188503
00253,/Users/nikko/Downloads/moi-main/project_root/data/temp_frames/video12/frame_00253.png,"[18, 4, 1036, 722]",RIGHT_EYE,-0.15117084902843053,0.7968250521387386,0.9999300241470337,0.8633420467376709,0.49348949640989304,0.2639532137188503
00254,/Users/nikko/Downloads/moi-main/project_root/data/temp_frames/video12/frame_00254.png,"[22, 4, 1039, 721]",LEFT_SHOULDER,0.03319632796201579,0.6521528539531083,0.9996840953826904,0.8676634132862091,0.5265583023428917,0.2847738365461927
00254,/Users/nikko/Downloads/moi-main/project_root/data/temp_frames/video12/frame_00254.png,"[22, 4, 1039, 721]",RIGHT_SHOULDER,0.00903978692968573,0.3469484069152355,0.9971899390220642,0.8676634132862091,0.5265583023428917,0.2847738365461927
00254,/Users/nikko/Downloads/moi-main/project_root/data/temp_frames/video12/frame_00254.png,"[22, 4, 1039, 721]",LEFT_HIP,-0.02108592909767107,-0.4485450986047137,0.9998916387557983,0.8676634132862091,0.5265583023428917,0.2847738365461927
00254,/Users/nikko/Downloads/moi-main/project_root/data/temp_frames/video12/frame_00254.png,"[22, 4, 1039, 721]",RIGHT_HIP,-0.02115018579403045,-0.55055616226363,0.9998893737792969,0.8676634132862091,0.5265583023428917,0.2847738365461927
00254,/Users/nikko/Downloads/moi-main/project_root/data/temp_frames/video12/frame_00254.png,"[22, 4, 1039, 721]",RIGHT_ELBOW,-0.3418905205972827,0.031126116393274422,0.6718674302101135,0.8676634132862091,0.5265583023428917,0.2847738365461927
00254,/Users/nikko/Downloads/moi-main/project_root/data/temp_frames/video12/frame_00254.png,"[22, 4, 1039, 721]",RIGHT_WRIST,-0.2769016746487637,0.38349581577973296,0.5183711647987366,0.8676634132862091,0.5265583023428917,0.2847738365461927
00254,/Users/nikko/Downloads/moi-main/project_root/data/temp_frames/video12/frame_00254.png,"[22, 4, 1039, 721]",RIGHT_KNEE,-0.10662645262119883,-1.1110670629750174,0.6671887636184692,0.8676634132862091,0.5265583023428917,0.2847738365461927
00254,/Users/nikko/Downloads/moi-main/project_root/data/temp_frames/video12/frame_00254.png,"[22, 4, 1039, 721]",RIGHT_ANKLE,-0.10672670981193545,-1.4826488081678815,0.7487905621528625,0.8676634132862091,0.5265583023428917,0.2847738365461927
00254,/Users/nikko/Downloads/moi-main/project_root/data/temp_frames/video12/frame_00254.png,"[22, 4, 1039, 721]",LEFT_EYE,0.11468595864730421,0.8699977059754033,0.9946001768112183,0.8676634132862091,0.5265583023428917,0.2847738365461927
00254,/Users/nikko/Downloads/moi-main/project_root/data/temp_frames/video12/frame_00254.png,"[22, 4, 1039, 721]",RIGHT_EYE,0.14837446778680888,0.77288574447719,0.9962848424911499,0.8676634132862091,0.5265583023428917,0.2847738365461927
00257,/Users/nikko/Downloads/moi-main/project_root/data/temp_frames/video12/frame_00257.png,"[29, 3, 1037, 721]",LEFT_SHOULDER,-0.25648092522575927,-0.5884594938977025,0.9998421669006348,0.8761918246746063,0.707700714468956,0.16205686381873563
00257,/Users/nikko/Downloads/moi-main/project_root/data/temp_frames/video12/frame_00257.png,"[29, 3, 1037, 721]",RIGHT_SHOULDER,-0.39658838882335407,0.32465455126568304,0.998456597328186,0.8761918246746063,0.707700714468956,0.16205686381873563
00257,/Users/nikko/Downloads/moi-main/project_root/data/temp_frames/video12/frame_00257.png,"[29, 3, 1037, 721]",LEFT_HIP,0.3485506614393924,-0.12706589074591373,0.9958587288856506,0.8761918246746063,0.707700714468956,0.16205686381873563
00257,/Users/nikko/Downloads/moi-main/project_root/data/temp_frames/video12/frame_00257.png,"[29, 3, 1037, 721]",RIGHT_HIP,0.3045186526097209,0.39087083337793316,0.9900742173194885,0.8761918246746063,0.707700714468956,0.16205686381873563
00257,/Users/nikko/Downloads/moi-main/project_root/data/temp_frames/video12/frame_00257.png,"[29, 3, 1037, 721]",LEFT_ELBOW,-0.18054366786882192,-0.8238461235229728,0.5724611282348633,0.8761918246746063,0.707700714468956,0.16205686381873563
00257,/Users/nikko/Downloads/moi-main/project_root/data/temp_frames/video12/frame_00257.png,"[29, 3, 1037, 721]",LEFT_EYE,-0.3694479997094413,-0.501165283320733,0.9998321533203125,0.8761918246746063,0.707700714468956,0.16205686381873563
00257,/Users/nikko/Downloads/moi-main/project_root/data/temp_frames/video12/frame_00257.png,"[29, 3, 1037, 721]",RIGHT_EYE,-0.42834725263070367,-0.2939165185893069,0.999864935874939,0.8761918246746063,0.707700714468956,0.16205686381873563
00261,/Users/nikko/Downloads/moi-main/project_root/data/temp_frames/video12/frame_00261.png,"[29, 5, 1026, 721]",LEFT_SHOULDER,0.14072160790292412,-0.5591647873576666,0.9987233281135559,0.6674763113260269,0.6573501639068127,0.8188504315173548
00261,/Users/nikko/Downloads/moi-main/project_root/data/temp_frames/video12/frame_00261.png,"[29, 5, 1026, 721]",RIGHT_SHOULDER,-0.3542754711672194,-0.32127200968282305,0.997811496257782,0.6674763113260269,0.6573501639068127,0.8188504315173548
00261,/Users/nikko/Downloads/moi-main/project_root/data/temp_frames/video12/frame_00261.png,"[29, 5, 1026, 721]",LEFT_HIP,0.2517644530325466,0.38641530813519803,0.8576704859733582,0.6674763113260269,0.6573501639068127,0.8188504315173548
00261,/Users/nikko/Downloads/moi-main/project_root/data/temp_frames/video12/frame_00261.png,"[29, 5, 1026, 721]",RIGHT_HIP,-0.0382105897682513,0.49402148890529163,0.8473798632621765,0.6674763113260269,0.6573501639068127,0.8188504315173548
00261,/Users/nikko/Downloads/moi-main/project_root/data/temp_frames/video12/frame_00261.png,"[29, 5, 1026, 721]",LEFT_ELBOW,0.35293040937560366,0.17128949466277774,0.8251966238021851,0.6674763113260269,0.6573501639068127,0.8188504315173548
00261,/Users/nikko/Downloads/moi-main/project_root/data/temp_frames/video12/frame_00261.png,"[29, 5, 1026, 721]",LEFT_WRIST,0.03081873694428384,0.07084365609467287,0.562895655632019,0.6674763113260269,0.6573501639068127,0.8188504315173548
